{"inception_means": [1.0703012943267822, 7.401236534118652, 7.855645656585693, 8.087667465209961, 8.095319747924805, 8.365473747253418, 8.420305252075195, 8.448799133300781, 8.496179580688477, 8.463055610656738, 8.594853401184082, 8.466333389282227, 8.47716999053955, 8.47093391418457, 8.552896499633789, 8.526043891906738, 8.541418075561523, 8.583017349243164, 8.644838333129883, 8.563764572143555, 8.574664115905762, 8.556760787963867, 8.625654220581055, 8.589033126831055, 8.550052642822266, 8.54736614227295, 8.65293025970459, 8.62773323059082, 8.624696731567383, 8.600152969360352, 8.603936195373535, 8.58556079864502], "inception_stds": [0.0018526716157793999, 0.056977931410074234, 0.08695539832115173, 0.08584954589605331, 0.06620853394269943, 0.09483526647090912, 0.09173835068941116, 0.052817925810813904, 0.06136270985007286, 0.0817362517118454, 0.045840293169021606, 0.06397262960672379, 0.04646764695644379, 0.0903886929154396, 0.05401484668254852, 0.06385548412799835, 0.07364873588085175, 0.05564751848578453, 0.0588005892932415, 0.0566253624856472, 0.07794887572526932, 0.09340775012969971, 0.10187233239412308, 0.08619475364685059, 0.053561192005872726, 0.10175300389528275, 0.07293633371591568, 0.08311638236045837, 0.08199566602706909, 0.07339884340763092, 0.09167907387018204, 0.06160099804401398], "inception_means_ema": [], "inception_means_avg": [], "fids_ema": [], "fids_avg": [], "fids": [64.99205452763232, 1.0536711808362185, 0.8058690205863002, 0.7279825508821176, 1.2223638801814332, 0.5217457682094846, 1.077385153952676, 1.0008425747725767, 0.6156738489650166, 1.4070274979477801, 0.592796573313791, 1.2695970612152365, 1.2965156161256886, 1.257908604091682, 1.2413498816803212, 1.7242031600446381, 1.4906041601312836, 1.0848257076735592, 1.0287462536389285, 1.3934104556975058, 2.007896502612695, 1.888472116083392, 1.2814188694444795, 1.8397689712276843, 1.4774029204609604, 1.8644253778846434, 1.3147039746092304, 1.9018674115118301, 1.4815454571861721, 1.8691099261969697, 1.912509504392105, 2.020999955917958], "entropy": [1.0911786482383485, 2.2950904733956965, 2.297190165597352, 2.2893545291016575, 2.2950426817808194, 2.2967033578967673, 2.29849269280534, 2.298451355603437, 2.294782334897005, 2.2963214048541314, 2.3009297779606435, 2.299881262984325, 2.2948566111781243, 2.296240918096238, 2.2966300385952283, 2.297648364113318, 2.2959986859625467, 2.2987404483313347, 2.2996806245816765, 2.299014484033773, 2.299116415006011, 2.2984776817329267, 2.2998475506396296, 2.298317130605747, 2.299189219399749, 2.2994863720545595, 2.298446795343458, 2.298680493896927, 2.2991190456971866, 2.2998437471609927, 2.299114506810871, 2.2988091889183755], "l2-loss": [0.2911739867410542, 0.0014669441882474922, 0.0010448314525462966, 0.002828437899365837, 0.001528779959972994, 0.0011603320086443865, 0.0008169386121961805, 0.0008481155207127705, 0.0016005527826003089, 0.0012122071819540895, 0.000334921000916281, 0.0005293057288652588, 0.0015506320529513886, 0.0013371973861882722, 0.0012379210672260805, 0.001021731341326678, 0.0013153923882378467, 0.0007705264621310766, 0.0005814399248288001, 0.0007262571358386382, 0.0007096090434510033, 0.0008274408034336421, 0.0005588578589168598, 0.0008852970452956209, 0.0006766189763575425, 0.0006182211416739009, 0.0008140893630039544, 0.0007770491235050154, 0.0006892875388816554, 0.0005514403920114774, 0.0007039105450665511, 0.0007494043420862268], "TVs": [0.6675564236111111, 0.05082465277777777, 0.039930555555555566, 0.05952690972222223, 0.053016493055555565, 0.04105902777777777, 0.0355251736111111, 0.0338107638888889, 0.05240885416666667, 0.042469618055555554, 0.025130208333333348, 0.029383680555555555, 0.05501302083333333, 0.04249131944444445, 0.0367404513888889, 0.03732638888888888, 0.050781249999999986, 0.0380859375, 0.029904513888888887, 0.03120659722222223, 0.03200954861111112, 0.03847656250000001, 0.029361979166666677, 0.03157552083333332, 0.034722222222222224, 0.032986111111111126, 0.03606770833333333, 0.03710937499999999, 0.03168402777777779, 0.03168402777777777, 0.034396701388888895, 0.032443576388888895], "G_losses": [4.679991722106934, 0.8077040910720825, 1.1402561664581299, 1.114640712738037, 0.6125268340110779, 0.9782056212425232, 0.9444570541381836, 1.146228313446045, 0.5627200603485107, 1.128961205482483, 0.8445327877998352, 0.8897213935852051, 1.0827996730804443, 1.1529033184051514, 0.6377320885658264, 1.7500522136688232, 0.8776082396507263, 1.3627779483795166, 0.9545971751213074, 0.7197255492210388, 0.933192253112793, 1.51816987991333, 1.4614704847335815, 2.3511672019958496, 0.9607330560684204, 0.6186989545822144, 1.6581833362579346, 0.93918776512146, 1.676760196685791, 1.359308123588562, 1.2297189235687256, 1.2248982191085815], "D_losses": [3.150808334350586, 1.2425158023834229, 1.2021465301513672, 1.1370145082473755, 1.1315582990646362, 1.2415952682495117, 1.2977399826049805, 1.1189260482788086, 1.1369383335113525, 1.287705421447754, 1.36868417263031, 1.1565027236938477, 1.247420072555542, 1.0009254217147827, 1.0466035604476929, 1.061392068862915, 1.300295352935791, 0.9954407811164856, 1.0800095796585083, 0.9836335182189941, 0.7910854816436768, 1.1011830568313599, 0.7059099674224854, 0.9934900999069214, 0.9260393381118774, 1.0459450483322144, 0.7389407753944397, 0.81983482837677, 0.7837403416633606, 0.7132712602615356, 0.7838975191116333, 0.7759835720062256], "iterations": [0, 1000, 2000, 3000, 4000, 5000, 6000, 7000, 8000, 9000, 10000, 11000, 12000, 13000, 14000, 15000, 16000, 17000, 18000, 19000, 20000, 21000, 22000, 23000, 24000, 25000, 26000, 27000, 28000, 29000, 30000, 31000], "times": [0.10225868225097656, 131.33571767807007, 263.1632950305939, 394.7458550930023, 525.9650208950043, 657.0629451274872, 788.0669178962708, 919.0670535564423, 1049.934142589569, 1180.966835975647, 1311.9056465625763, 1442.9154136180878, 1573.6759684085846, 1704.6144659519196, 1835.0976598262787, 1966.0419223308563, 2096.935717821121, 2227.5800306797028, 2358.4966855049133, 2489.1049087047577, 2620.004153251648, 2750.6322224140167, 2881.7594599723816, 3012.704907655716, 3143.4891381263733, 3274.350879907608, 3405.1164581775665, 3535.8612098693848, 3666.706321954727, 3797.247964143753, 3928.1356751918793, 4058.887950658798]}