{"inception_means": [1.2738512754440308, 5.560164451599121, 6.668396949768066, 7.004753112792969, 7.183380126953125, 7.564988136291504, 7.60091495513916, 7.604848384857178, 7.804209232330322, 7.83279275894165, 8.010374069213867, 8.017845153808594, 8.062179565429688, 8.12071418762207, 8.126036643981934, 8.095121383666992, 8.18431568145752, 8.17973518371582, 8.274189949035645, 8.268431663513184, 8.311306953430176, 8.27310562133789, 8.359426498413086, 8.319979667663574, 8.467729568481445, 8.428189277648926, 8.433477401733398, 8.419637680053711, 8.394433975219727, 8.43420696258545, 8.431570053100586, 8.50782585144043, 8.398334503173828, 8.404752731323242, 8.431352615356445, 8.50458812713623, 8.492131233215332, 8.556323051452637, 8.547038078308105, 8.515753746032715, 8.525144577026367, 8.545496940612793, 8.559844970703125], "inception_stds": [0.005953584797680378, 0.0681963637471199, 0.10344813764095306, 0.08735166490077972, 0.06949767470359802, 0.08573431521654129, 0.0768972635269165, 0.11788279563188553, 0.12224449217319489, 0.0508633516728878, 0.05887989327311516, 0.08339612185955048, 0.06784181296825409, 0.059930190443992615, 0.0849604383111, 0.10563521832227707, 0.1046198308467865, 0.08350025862455368, 0.05710259824991226, 0.06317906081676483, 0.08644939213991165, 0.08158249408006668, 0.09788315743207932, 0.06560387462377548, 0.07850927114486694, 0.08100886642932892, 0.09257582575082779, 0.06864963471889496, 0.07762844860553741, 0.09879376739263535, 0.07013685256242752, 0.06412803381681442, 0.07424431294202805, 0.0879439041018486, 0.07282168418169022, 0.07058422267436981, 0.07198550552129745, 0.08561241626739502, 0.05469873175024986, 0.07555221021175385, 0.06352178752422333, 0.09793183207511902, 0.04793940857052803], "inception_means_ema": [], "inception_means_avg": [], "fids_ema": [], "fids_avg": [], "fids": [56.07347720219681, 6.5064488436374575, 2.786767369275765, 2.7712682147326717, 1.885726833105366, 0.8720386783265326, 1.0280710717590722, 1.1706537075212395, 0.8211904581617802, 1.0624019572229315, 0.44400194637870527, 0.8328260965833323, 0.7986008452800348, 0.5944452137456153, 0.8623804570208904, 0.8801015830151329, 0.5158157295465031, 0.8436336782319103, 0.4083499427862449, 0.6855149861578553, 0.7785818851252628, 1.0229159816530569, 0.41338880446872395, 0.4450422034951771, 0.4128442360949123, 0.4163131229219772, 0.5110630535752705, 0.5909759139771467, 0.6328799286284976, 0.65444827434996, 0.5978280543862127, 0.4104915244456606, 0.7418808827253827, 0.7237809211239039, 0.6546115564544266, 0.8407507185252285, 0.5302961180803436, 0.4897396873936515, 0.3623512909447868, 0.7173539102404192, 0.5802566887029883, 0.5238458813722104, 0.6177505365535154], "entropy": [1.0861144460427943, 2.26332203623305, 2.29256947428613, 2.290281828644682, 2.2894442818033918, 2.2947303880632544, 2.293087836705113, 2.2941502222418824, 2.2933958172047895, 2.2940751938989807, 2.2961666718404548, 2.299187662730335, 2.294859311228712, 2.2987303654278692, 2.2948278203700325, 2.2943400983704763, 2.2951209937307047, 2.297886174012457, 2.2987786587887573, 2.2966829906457984, 2.297270903594435, 2.2973600605180615, 2.29876320115291, 2.2948456718641297, 2.2993067086243686, 2.3009884073854994, 2.2992406792171654, 2.3010423156182154, 2.2992234004288328, 2.2989389449416686, 2.2965279933821106, 2.298425276052649, 2.298405055492559, 2.294194473033449, 2.2997302464751987, 2.2976012641865484, 2.296948545908821, 2.2978005284985996, 2.3004022112599407, 2.2968805229626406, 2.3000252615166827, 2.293952439387139, 2.299130798146595], "l2-loss": [0.3027689239125193, 0.0075464413489824455, 0.0020497687068986308, 0.002476496755340953, 0.0025660244035132142, 0.001512979578088831, 0.0019365758071711026, 0.0017286983537085263, 0.001828728193118249, 0.001662247269241899, 0.0012955182864342206, 0.0007061946539231288, 0.0015405301694516782, 0.0007826298843195411, 0.0016276088761694636, 0.0017053863148630396, 0.0015070456045645254, 0.0009295428240740745, 0.0007602832935474536, 0.0011970661304615171, 0.001074030369888117, 0.0010554749288676695, 0.000797276438018422, 0.001556495383933738, 0.0006680241337528938, 0.00032034508975935553, 0.0006734871569974922, 0.0003019309338228201, 0.0006679299436969526, 0.0007332742950062696, 0.0012250170295621142, 0.0008351643880208332, 0.0008492458013840662, 0.0016470591227213541, 0.0005686771722487463, 0.0010210013683931325, 0.0011154504469883296, 0.0009670304663387342, 0.00042932298448350686, 0.0011535032295886384, 0.0005329084985050157, 0.0017922766414689435, 0.0007034631423008296], "TVs": [0.6929036458333335, 0.1261935763888889, 0.062131076388888894, 0.06217447916666667, 0.06586371527777776, 0.04817708333333333, 0.052148437500000006, 0.048177083333333336, 0.055447048611111126, 0.05106336805555557, 0.048567708333333334, 0.03133680555555557, 0.054144965277777776, 0.03402777777777778, 0.05047743055555557, 0.04976128472222222, 0.04832899305555555, 0.03888888888888888, 0.037760416666666664, 0.04542100694444446, 0.039171006944444434, 0.04303385416666666, 0.029361979166666663, 0.05305989583333333, 0.03489583333333335, 0.022135416666666657, 0.03226996527777777, 0.019314236111111105, 0.03667534722222224, 0.03667534722222223, 0.046440972222222224, 0.039778645833333334, 0.039605034722222224, 0.05321180555555554, 0.029557291666666666, 0.039778645833333334, 0.046375868055555554, 0.03144531249999998, 0.026323784722222222, 0.0504123263888889, 0.02432725694444446, 0.05182291666666668, 0.02936197916666667], "G_losses": [1.1160075664520264, 1.474151611328125, 1.7046053409576416, 1.6843289136886597, 2.206728935241699, 1.3929381370544434, 0.43295761942863464, 1.7769067287445068, 0.5618935823440552, 1.0156705379486084, 1.0273768901824951, 1.2821155786514282, 0.9513460397720337, 1.1760106086730957, 1.3878638744354248, 2.4237160682678223, 1.3253638744354248, 1.6601303815841675, 1.1436123847961426, 1.9684664011001587, 0.9161525368690491, 2.518566131591797, 1.5129382610321045, 1.8996117115020752, 2.4068350791931152, 0.8182891607284546, 1.1206647157669067, 1.1181437969207764, 1.1427538394927979, 0.6128685474395752, 1.2913979291915894, 1.1430926322937012, 0.7944943308830261, 0.8775376677513123, 0.40576690435409546, 0.9209892153739929, 0.9105836749076843, 1.161571979522705, 1.1903085708618164, 1.3800759315490723, 1.2417030334472656, 1.2822577953338623, 2.3436405658721924], "D_losses": [1.8895258903503418, 0.666352391242981, 0.6057958602905273, 0.9357712864875793, 1.0978418588638306, 0.982865571975708, 1.1085312366485596, 0.948409914970398, 0.7497484087944031, 1.0309176445007324, 0.8687527179718018, 0.8196755051612854, 1.1154661178588867, 1.0802867412567139, 1.0386319160461426, 0.792374849319458, 0.802838921546936, 0.8924917578697205, 1.0425087213516235, 0.8559638261795044, 1.0358614921569824, 0.9765162467956543, 0.8653419017791748, 0.9467940330505371, 1.0379815101623535, 0.7739498615264893, 0.9297326803207397, 0.790725827217102, 0.7133693695068359, 0.5931457281112671, 0.815882682800293, 0.9784522652626038, 0.9836347103118896, 0.7301498651504517, 0.8179354667663574, 0.577033281326294, 0.8995195031166077, 0.7574234008789062, 1.0088311433792114, 1.0294170379638672, 0.6229045391082764, 0.6739872694015503, 0.8860093355178833], "iterations": [0, 1000, 2000, 3000, 4000, 5000, 6000, 7000, 8000, 9000, 10000, 11000, 12000, 13000, 14000, 15000, 16000, 17000, 18000, 19000, 20000, 21000, 22000, 23000, 24000, 25000, 26000, 27000, 28000, 29000, 30000, 31000, 32000, 33000, 34000, 35000, 36000, 37000, 38000, 39000, 40000, 41000, 42000],