{"inception_means": [1.0019763708114624, 1.0658543109893799, 1.0403003692626953, 1.2059764862060547, 1.2652134895324707, 1.159585952758789, 1.1104443073272705, 1.1740820407867432, 1.1085093021392822], "inception_stds": [7.038946932880208e-05, 0.0021018737461417913, 0.0009699086076579988, 0.004332598764449358, 0.005281098652631044, 0.0038430653512477875, 0.00256683980114758, 0.00609356677159667, 0.004153077024966478], "inception_means_ema": [], "inception_means_avg": [], "fids_ema": [], "fids_avg": [], "fids": [76.64439511327866, 67.52078342632765, 65.0439753444562, 60.35399850919363, 57.32995477432112, 65.25294579622565, 68.1068883513857, 67.04110030771551, 67.68481905637388], "entropy": [4.1446531673890185e-18, 0.8298317119448188, 0.5668198407642241, 1.1448633628496034, 1.09029600745405, 0.6983409537071903, 0.35606165835062675, 0.9742599732090453, 0.917028439912649], "l2-loss": [0.9000000000000001, 0.3661477406819661, 0.5209107387213061, 0.2628252759391879, 0.26025586540316353, 0.5901428787796587, 0.7398831685384115, 0.42837783907666616, 0.4643753475613065], "TVs": [0.9000000000000001, 0.7632161458333335, 0.8000000000000002, 0.672873263888889, 0.6930555555555555, 0.7247612847222222, 0.8141710069444446, 0.6138020833333334, 0.6601345486111112], "G_losses": [3.5710132122039795, 6.219252586364746, 9.689277648925781, 6.197858810424805, 7.828812122344971, 7.499796390533447, 9.919121742248535, 4.956181526184082, 4.904907703399658], "D_losses": [0.08285156637430191, 0.004577571526169777, 0.0006469792569987476, 0.004815961699932814, 0.0012818067334592342, 0.0021214543376117945, 0.00034651870373636484, 0.024529533460736275, 0.015517588704824448], "iterations": [100, 200, 300, 400, 500, 600, 700, 800, 900], "times": [340.5191276073456, 550.7674441337585, 749.8515455722809, 960.5270175933838, 1161.3736653327942, 1366.841677904129, 1591.4058225154877, 1786.868642091751, 1984.2658174037933]}