{"inception_means": [1.2287061214447021, 6.936521053314209, 7.49065637588501, 7.769927024841309, 7.933210849761963, 8.183585166931152, 8.154011726379395, 8.263097763061523, 8.25058364868164, 8.305331230163574, 8.356571197509766, 8.311910629272461, 8.427267074584961, 8.467084884643555, 8.460702896118164, 8.374818801879883, 8.502432823181152, 8.420869827270508, 8.504097938537598, 8.552592277526855, 8.527274131774902, 8.456355094909668, 8.61432933807373, 8.532748222351074, 8.510383605957031, 8.554549217224121, 8.600345611572266, 8.572842597961426, 8.548062324523926, 8.545008659362793, 8.531530380249023, 8.57955551147461, 8.611387252807617, 8.597285270690918, 8.596661567687988, 8.610804557800293, 8.60008430480957], "inception_stds": [0.005929315462708473, 0.08302433043718338, 0.08206190168857574, 0.07758349925279617, 0.06972452253103256, 0.0828917995095253, 0.06778804957866669, 0.07648134231567383, 0.06973220407962799, 0.08701850473880768, 0.08112084865570068, 0.06725877523422241, 0.10664010047912598, 0.08568337559700012, 0.06918621808290482, 0.07022562623023987, 0.07221075147390366, 0.08929786831140518, 0.0768049955368042, 0.09498155117034912, 0.1005794107913971, 0.07596613466739655, 0.07408640533685684, 0.10367854684591293, 0.0863213837146759, 0.07827797532081604, 0.04965352639555931, 0.06816393882036209, 0.05994712561368942, 0.10178077965974808, 0.08280126750469208, 0.07116179168224335, 0.09538276493549347, 0.07373014092445374, 0.07602992653846741, 0.08076058328151703, 0.09389128535985947], "inception_means_ema": [], "inception_means_avg": [], "fids_ema": [], "fids_avg": [], "fids": [56.77472995664816, 2.079531051580517, 0.9261526982115811, 0.8854340820928428, 0.7547140955244629, 0.6002890637074358, 0.6941503867647043, 0.626809191082927, 0.700245257496988, 0.9055561573445488, 0.5786101883325614, 0.880186051667252, 0.561891269479915, 0.5384919374320276, 0.6470721803000004, 1.1220126843579976, 0.6225530845050571, 0.8017113645648806, 0.8822430410590698, 0.441968587114971, 0.7230209581692435, 0.9354338277702681, 0.5565406633635206, 0.625628864408668, 1.230027196102455, 0.7289971742906971, 0.5208436240169192, 0.9036714925503304, 0.7584910060201082, 0.9568020292055337, 1.331213800017423, 0.7820915637521182, 0.9082395325543331, 0.776781269919212, 1.0480225417532836, 0.9092070828301644, 0.8724660942643538], "entropy": [1.4414661536727496, 2.297769225866762, 2.291515057399989, 2.2967633323922017, 2.2906733777446364, 2.2985094102531507, 2.2962740876077286, 2.2998692885177476, 2.295136455949088, 2.2939660975890965, 2.3006472988096425, 2.299075708177689, 2.297373925035981, 2.2965127275730386, 2.2968247293754906, 2.2935728903128485, 2.294999939929589, 2.2967444197927116, 2.297230175696719, 2.297413953218281, 2.296395798016848, 2.2992163892691875, 2.299122625009229, 2.29696484519044, 2.2983993843912307, 2.2987499302820287, 2.297094468342821, 2.296581640455436, 2.2978210500927068, 2.2981916811925576, 2.2980947873783206, 2.297869588239525, 2.2993420075276365, 2.3000502587421203, 2.2992664006589574, 2.297879728361163, 2.297945711733649], "l2-loss": [0.17207042552806712, 0.000951465559594425, 0.0021758656442901233, 0.0011598139633367088, 0.0024561987982855906, 0.0008072370364342208, 0.001241123529128086, 0.0005410559383439428, 0.0015142982388720097, 0.001699711363992574, 0.0003906815140335645, 0.0006918071228780863, 0.001004682941201293, 0.001230315220208816, 0.0011770507435739778, 0.0018362869451075427, 0.001550490767867477, 0.0011481108488859955, 0.0010986375220027975, 0.001039792284553434, 0.001259302209924768, 0.0006945150869864008, 0.0006882514482663001, 0.0011502772201726467, 0.000869567305953414, 0.000760495221173322, 0.0010983549518349732, 0.001124940095124421, 0.0009686552448037226, 0.0008895591453269679, 0.0009039231288580249, 0.0009494169258777006, 0.0006633146309558255, 0.0005069355905791861, 0.0006718388310185186, 0.000959165596667631, 0.0009250452489028742], "TVs": [0.5646918402777779, 0.03899739583333332, 0.060828993055555565, 0.04177517361111111, 0.0634765625, 0.033203125, 0.03927951388888889, 0.029665798611111106, 0.047808159722222215, 0.05570746527777778, 0.02756076388888888, 0.034809027777777765, 0.03700086805555556, 0.047048611111111124, 0.044379340277777776, 0.05147569444444445, 0.04937065972222222, 0.044314236111111106, 0.038085937500000014, 0.04036458333333334, 0.04492187499999999, 0.03131510416666668, 0.0325954861111111, 0.044618055555555564, 0.03539496527777779, 0.03895399305555556, 0.04628906250000001, 0.03426649305555554, 0.04227430555555555, 0.040321180555555565, 0.03851996527777778, 0.04032118055555556, 0.03326822916666666, 0.024956597222222217, 0.03337673611111112, 0.037695312499999994, 0.03912760416666667], "G_losses": [1.9177132844924927, 1.3800508975982666, 1.186579704284668, 1.2679628133773804, 0.9815452098846436, 1.1357803344726562, 0.7835516929626465, 1.6518008708953857, 0.4871690273284912, 1.2881340980529785, 0.824745774269104, 1.062126636505127, 0.7540013194084167, 1.3074404001235962, 0.5261223316192627, 1.3389892578125, 1.1642321348190308, 1.5655088424682617, 1.266801118850708, 1.7451558113098145, 1.2924649715423584, 1.1108742952346802, 1.286939263343811, 1.5922088623046875, 0.5893311500549316, 1.1099419593811035, 1.5518698692321777, 1.0746514797210693, 1.2173221111297607, 1.852679967880249, 0.9193127751350403, 0.6208432912826538, 1.2900173664093018, 2.0887813568115234, 1.3302092552185059, 1.8173882961273193, 0.655754804611206], "D_losses": [2.6594419479370117, 1.0686330795288086, 1.1711879968643188, 0.9852414131164551, 1.0231647491455078, 1.2344516515731812, 0.9573078751564026, 1.242389440536499, 0.8559516668319702, 1.159395694732666, 0.7982712388038635, 0.9278921484947205, 0.9193511009216309, 1.0653703212738037, 1.0027275085449219, 0.8663855195045471, 0.9583274126052856, 0.8767569065093994, 0.7899030447006226, 0.694388747215271, 0.9198943376541138, 1.0007259845733643, 0.755098819732666, 0.8653354644775391, 0.8562042713165283, 0.7539944052696228, 1.0059984922409058, 0.4891083836555481, 0.6420159935951233, 0.8127343654632568, 0.569399356842041, 0.7335196733474731, 0.6499122381210327, 1.036686897277832, 0.8349295854568481, 0.6498051881790161, 0.6190856695175171], "iterations": [0, 1000, 2000, 3000, 4000, 5000, 6000, 7000, 8000, 9000, 10000, 11000, 12000, 13000, 14000, 15000, 16000, 17000, 18000, 19000, 20000, 21000, 22000, 23000, 24000, 25000, 26000, 27000, 28000, 29000, 30000, 31000, 32000, 33000, 34000, 35000, 36000], "times": [0.18409228324890137, 131.0628068447113, 262.8319399356842, 394.4872088432312, 525.8333551883698, 657.4005706310272, 788.786465883255, 920.4225196838379, 1051.7845327854156, 1183.3195729255676, 1314.541563987732, 1445.9299783706665, 1577.1300303936005, 1708.5332844257355, 1839.7543108463287, 1970.918018579483, 2102.4701976776123, 2233.7042779922485, 2365.1727452278137, 2496.4055440425873, 2627.6938643455505, 2758.943776369095, 2890.2299959659576, 3021.3513906002045, 3152.7727978229523, 3284.0627558231354, 3415.0058250427246, 3546.240969181061, 3677.63831782341, 3808.9418711662292, 3940.01505279541, 4070.8318951129913, 4201.774901390076, 4332.849709033966, 4463.9251980781555, 4595.024825811386, 4726.042536020279]}