{"inception_means": [1.051304578781128, 5.306552886962891, 6.194255828857422, 7.085406303405762, 7.453482151031494, 7.488787651062012, 7.621084690093994, 7.680375099182129, 7.6742072105407715, 7.90948486328125, 7.967118263244629, 8.076030731201172, 8.136007308959961, 8.062378883361816, 8.244775772094727, 8.265772819519043, 8.276307106018066, 8.366350173950195, 8.353958129882812, 8.454608917236328, 8.443513870239258, 8.397411346435547, 8.438581466674805, 8.485013961791992, 8.404492378234863, 8.507353782653809, 8.52507209777832, 8.52695369720459, 8.484702110290527, 8.545316696166992, 8.46323299407959, 8.583539009094238, 8.628499984741211, 8.61063003540039, 8.623003005981445, 8.617337226867676, 8.619945526123047, 8.665560722351074, 8.688833236694336, 8.668362617492676, 8.696325302124023, 8.715566635131836, 8.668973922729492, 8.692612648010254, 8.663595199584961, 8.67139720916748], "inception_stds": [0.0017069631721824408, 0.06579889357089996, 0.07742098718881607, 0.09858766198158264, 0.058855120092630386, 0.11185291409492493, 0.09329782426357269, 0.10348973423242569, 0.12481661140918732, 0.0669458732008934, 0.08059865981340408, 0.10669447481632233, 0.07468272745609283, 0.06985729932785034, 0.10615295171737671, 0.05352192372083664, 0.049492642283439636, 0.05003213509917259, 0.06461333483457565, 0.06425777822732925, 0.07533805817365646, 0.07991132140159607, 0.07611551135778427, 0.09377305209636688, 0.08688413351774216, 0.0667763203382492, 0.06580772250890732, 0.07557206600904465, 0.06920185685157776, 0.12373027205467224, 0.06340274214744568, 0.042508091777563095, 0.07821987569332123, 0.0635717362165451, 0.07967790961265564, 0.09055356681346893, 0.12663759291172028, 0.07088612020015717, 0.09343833476305008, 0.11558841913938522, 0.047928549349308014, 0.0693051666021347, 0.08726592361927032, 0.06471753120422363, 0.05325724184513092, 0.052951790392398834], "inception_means_ema": [], "inception_means_avg": [], "fids_ema": [], "fids_avg": [], "fids": [66.74290117678439, 11.96413333265022, 4.3417233154239625, 1.5227039362021344, 0.888517697447142, 0.8853241831424157, 0.5831129349547268, 1.4049522883838677, 1.3035302519887182, 0.9358185817837636, 0.9178019582055157, 0.7012805684327645, 0.43653967464918253, 0.8461723192266675, 0.40844643246850865, 0.6634160432838883, 0.6561333705484884, 0.553874932765126, 0.7351514700997086, 0.38474105241294865, 0.44259209142737177, 0.8213879758209117, 0.7023428964943008, 0.46809240082602344, 1.0783233609909928, 0.4689882358315032, 0.5335199259500882, 0.9453754611594576, 0.7502691664030294, 0.9260061529408006, 1.2732651942232138, 0.9034303078894794, 0.4085030737867612, 0.7136568833687846, 1.0028256483362412, 0.6671739312316163, 0.847774794068016, 0.6646369119667384, 0.6556605285975508, 0.6158727560831068, 0.7066398252255937, 0.5665231323151545, 0.644463221965168, 0.7190514546396543, 0.5709399608005725, 0.5513790402978032], "entropy": [1.1512007282103727, 2.1668414984837323, 2.259296572728269, 2.292631973950243, 2.29890771986517, 2.2915897666252314, 2.2961787643626237, 2.289911073450108, 2.2867757503039017, 2.291881063992174, 2.295807610599036, 2.297624334404656, 2.2965029622314614, 2.2956032828865, 2.298782287594207, 2.293826139534351, 2.294327261224231, 2.298366531343584, 2.296951410438648, 2.295093812833593, 2.2963911050241785, 2.298493999820691, 2.2994825064570086, 2.2989771176321594, 2.299781534456676, 2.295502073604695, 2.298956557008785, 2.2987165419646134, 2.2938366688162706, 2.300850932217493, 2.2969976649793664, 2.2978968445330707, 2.2996294994757234, 2.2955937778777042, 2.3001868538327446, 2.3010815447519986, 2.2970474415254833, 2.2988136083835427, 2.3001930384657125, 2.3003181188084856, 2.2977347740447325, 2.2999452733788908, 2.2987831171423383, 2.297111541618361, 2.2987913373114317, 2.2995887946230114], "l2-loss": [0.26750122352882666, 0.028469631995683836, 0.008696054529260706, 0.0019585927327473956, 0.000730778258523823, 0.002154413859049479, 0.0012601970154562116, 0.002586393003110533, 0.0031253720507209686, 0.0022162731782889656, 0.0013507136592158565, 0.0009827837531949264, 0.00121710506486304, 0.001416764435944733, 0.0007571750217013891, 0.001764985072759935, 0.001651674435462481, 0.0008229903232904129, 0.0011324517520857448, 0.001503984427746431, 0.0011892483558183832, 0.0008028336513189624, 0.0006207171781563472, 0.0007363119243103783, 0.000556385369948399, 0.001498238834334007, 0.000747544088481385, 0.0007751888699001738, 0.0017673162766444835, 0.0003404782142168209, 0.0011272477514949846, 0.0009286480185426315, 0.0005949797453703703, 0.0013950771755642357, 0.0004771244378737462, 0.0002989403995466819, 0.0011763914131823873, 0.0007668059549213929, 0.00047877276385271993, 0.0004451233663676694, 0.0009841730565200617, 0.0005408675582320602, 0.0007593884880160107, 0.0010787869677131552, 0.0007668059549213928, 0.0005905763602551121], "TVs": [0.6239366319444445, 0.23736979166666666, 0.1246310763888889, 0.062326388888888876, 0.034830729166666664, 0.06423611111111112, 0.036610243055555554, 0.062022569444444446, 0.06918402777777778, 0.055338541666666664, 0.050130208333333336, 0.038888888888888876, 0.04405381944444444, 0.0501953125, 0.04090711805555556, 0.05338541666666667, 0.05403645833333334, 0.035373263888888895, 0.03756510416666668, 0.04960937500000001, 0.043012152777777764, 0.03812934027777777, 0.034787326388888914, 0.03294270833333335, 0.032812499999999994, 0.04348958333333333, 0.03233506944444444, 0.03519965277777777, 0.057682291666666684, 0.022005208333333325, 0.04730902777777778, 0.040625, 0.02944878472222221, 0.048936631944444434, 0.026475694444444448, 0.02332899305555554, 0.03723958333333333, 0.034136284722222236, 0.02897135416666667, 0.024999999999999988, 0.036458333333333336, 0.028710937500000006, 0.03476562499999999, 0.046050347222222204, 0.0390625, 0.032269965277777785], "G_losses": [5.170585632324219, 0.07383600622415543, 0.30762720108032227, 0.6458855867385864, 0.49298223853111267, 0.9797130823135376, 0.8655831217765808, 0.7463611364364624, 1.3269927501678467, 0.8113393783569336, 1.0562313795089722, 0.638719916343689, 0.5647385716438293, 0.9965287446975708, 0.8611658215522766, 0.7247548699378967, 0.6765532493591309, 1.0690112113952637, 0.7133954763412476, 0.4422967731952667, 0.7654910087585449, 0.7258959412574768, 0.9278386831283569, 0.996232807636261, 0.8889764547348022, 0.478406697511673, 0.8883233070373535, 0.7927107810974121, 0.5868606567382812, 0.8184401392936707, 0.6978951692581177, 0.6619274616241455, 0.7047103643417358, 0.6610642671585083, 0.8248140811920166, 0.6640137434005737, 0.6704278588294983, 0.6454048156738281, 0.9531341791152954, 1.041703701019287, 0.6532671451568604, 0.6806817650794983, 1.2150509357452393, 1.5708224773406982, 0.8414576649665833, 1.2508115768432617], "D_losses": [3.396819591522217, 0.872495174407959, 1.120253086090088, 1.2544989585876465, 1.1987615823745728, 1.2414321899414062, 1.16153085231781, 1.2334098815917969, 1.2700756788253784, 1.256365418434143, 1.2815072536468506, 1.3343175649642944, 1.2539303302764893, 1.219400405883789, 1.2298527956008911, 1.2563974857330322, 1.2200285196304321, 1.2374775409698486, 1.2251055240631104, 1.1988904476165771, 1.2132914066314697, 1.2222042083740234, 1.2021234035491943, 1.2366935014724731, 1.1994085311889648, 1.2312734127044678, 1.2520534992218018, 1.272254228591919, 1.1772470474243164, 1.2515325546264648, 1.2493133544921875, 1.2156094312667847, 1.2093565464019775, 1.2508734464645386, 1.2523550987243652, 1.3114378452301025, 1.2098097801208496, 1.2453317642211914, 1.2094266414642334, 1.2404861450195312, 1.1494992971420288, 1.143160104751587, 1.1891814470291138, 1.1794668436050415, 0.9997829794883728, 1.135840892791748], "iterations": [0, 125, 250, 375, 500, 625, 750, 875, 1000, 1125, 1250, 1375, 1500, 1625, 1750, 1875, 2000, 2125, 2250, 2375, 2500, 2625, 2750, 2875, 3000, 3125, 3250, 3375, 3500, 3625, 3750, 3875, 4000, 4125, 4250, 4375, 4500, 4625, 4750, 4875, 5000, 5125, 5250, 5375, 5500, 5625],