{"inception_means": [1.1135516166687012, 1.3830173015594482, 2.224250316619873, 4.174779891967773, 4.901569366455078, 4.911046028137207, 3.3593192100524902, 4.883404731750488, 4.836355686187744, 5.3292317390441895, 5.659424781799316, 5.87899923324585, 6.085137844085693, 6.279848575592041, 6.4300856590271, 6.5431952476501465, 6.439733028411865, 6.732456207275391, 6.62856912612915, 6.942943572998047, 6.9123406410217285, 7.064691066741943, 7.138139247894287, 7.185568332672119, 7.273205757141113, 7.247317314147949, 7.318556308746338, 7.424630165100098, 7.466844081878662], "inception_stds": [0.004565267823636532, 0.008480179123580456, 0.026404621079564095, 0.08773164451122284, 0.06403989344835281, 0.06798454374074936, 0.05293598398566246, 0.049609020352363586, 0.05811942368745804, 0.05300050601363182, 0.07833781093358994, 0.06104019656777382, 0.06884147226810455, 0.06777656078338623, 0.05949895828962326, 0.06974726915359497, 0.0756305381655693, 0.05511727184057236, 0.0681828036904335, 0.09107202291488647, 0.0918555036187172, 0.131086528301239, 0.039498522877693176, 0.06241866573691368, 0.0634334534406662, 0.075006864964962, 0.11754529178142548, 0.08498574793338776, 0.10174234211444855], "inception_means_ema": [], "inception_means_avg": [], "fids_ema": [], "fids_avg": [], "fids": [55.103706203174774, 53.03202158831897, 37.133847468266794, 15.527531314600864, 11.69533202275771, 10.673978794618208, 17.768306456337513, 9.420811888910634, 9.917191940715995, 7.567232513769497, 6.273017216644945, 6.799069356649554, 5.898379517756126, 5.36154934651222, 5.452957550021438, 4.571489481560334, 5.894339224643446, 3.5966482849971726, 4.278451748264743, 2.6369016297527423, 3.569608739712322, 2.438909947706648, 2.0568045920375937, 2.2147039111070086, 2.0410478005385073, 2.4450543986041993, 1.8821639361514855, 1.637776380794108, 1.5364632558875826], "entropy": [0.1444720796492697, 0.7211107970199898, 1.7184129937326116, 1.9676750745738083, 2.0656823787348477, 2.0908887716054827, 2.0694482143192654, 2.2314061837230543, 2.1944283558659796, 2.2555013682762852, 2.251927582163081, 2.283112569124858, 2.288514382592112, 2.2901265406944735, 2.2941963509988397, 2.2898134519485054, 2.2925314783684607, 2.281830361019377, 2.2836374343801293, 2.2966822564509983, 2.294527496940238, 2.2884426422563227, 2.2929313830480007, 2.2947684488047, 2.298408904061779, 2.2924736327597786, 2.287337526650836, 2.2966821801016275, 2.294729548558776], "l2-loss": [0.8466771255304784, 0.4283468270007475, 0.12575093493049527, 0.059520161004714016, 0.04459273255901572, 0.04415886961383584, 0.043694112330307185, 0.014692028657889659, 0.02084605370038821, 0.00909306561505353, 0.009747144911024304, 0.0038452431007667824, 0.002664664939597801, 0.0024234913013599533, 0.0017380938117886767, 0.0025124067141685954, 0.001943428133740837, 0.004296013160988135, 0.003809074119285301, 0.0011863755591121725, 0.0016027191538869597, 0.0028983975634162807, 0.001983482455029901, 0.0016288333468967005, 0.0008834838867187504, 0.002073810718677662, 0.0030278147002797073, 0.0011841385452835643, 0.0015775939564646028], "TVs": [0.8727647569444443, 0.7878472222222223, 0.4314453125, 0.3804253472222222, 0.31401909722222227, 0.2691623263888889, 0.2702256944444444, 0.14268663194444445, 0.2202690972222222, 0.1359592013888889, 0.1353732638888889, 0.09016927083333334, 0.06293402777777779, 0.06276041666666665, 0.04605034722222221, 0.07269965277777778, 0.056423611111111105, 0.0847439236111111, 0.0826388888888889, 0.047960069444444454, 0.0521267361111111, 0.07254774305555556, 0.05572916666666668, 0.05199652777777777, 0.029188368055555566, 0.05297309027777779, 0.07710503472222222, 0.044856770833333316, 0.051280381944444446], "G_losses": [1.872006893157959, 2.714735984802246, 3.4070162773132324, 4.296011924743652, 3.013181686401367, 3.809476375579834, 0.4541284143924713, 0.7345882654190063, 0.7712987661361694, 0.824974775314331, 1.008150339126587, 0.8487904071807861, 0.8237743377685547, 0.9060627222061157, 0.9942492842674255, 0.77904212474823, 0.7711116671562195, 0.8082122802734375, 1.1630263328552246, 0.8222045302391052, 0.8119726181030273, 0.9163892269134521, 0.7033805847167969, 1.0472729206085205, 0.7238002419471741, 1.0600979328155518, 1.0727663040161133, 0.908972978591919, 0.9013700485229492], "D_losses": [0.44086769223213196, 0.18878105282783508, 0.08661466091871262, 0.03706044703722, 0.1897939145565033, 0.0724073201417923, 1.8195260763168335, 1.3786749839782715, 1.2359380722045898, 1.1635935306549072, 1.199504017829895, 1.1422274112701416, 1.1891640424728394, 1.2586734294891357, 1.316469430923462, 1.2415670156478882, 1.2484493255615234, 1.2300758361816406, 1.305220365524292, 1.2112743854522705, 1.2143033742904663, 1.2537307739257812, 1.2438843250274658, 1.3270255327224731, 1.271214485168457, 1.3316402435302734, 1.363205909729004, 1.311333179473877, 1.3195799589157104], "iterations": [100, 200, 300, 400, 500, 600, 700, 800, 900, 1000, 1100, 1200, 1300, 1400, 1500, 1600, 1700, 1800, 1900, 2000, 2100, 2200, 2300, 2400, 2500, 2600, 2700, 2800, 2900], "times": [401.9831144809723, 792.2336494922638, 1187.4314050674438, 1547.7811737060547, 1921.4039540290833, 2295.7702312469482, 2681.939153432846, 3047.235109806061, 3419.740155696869, 3798.5765931606293, 4166.099889993668, 4530.095906019211, 4919.19864654541, 5296.9274735450745, 5678.723023891449, 6058.551730155945, 6444.036034822464, 6835.508100032806, 7217.063237667084, 7586.750822544098, 7990.531873703003, 8367.898761987686, 8759.97189617157, 9141.721957445145, 9526.048546552658, 9919.479959011078, 10294.741152763367, 10663.077888250351, 11054.857929229736]}