{"inception_means": [1.2138689756393433, 3.552412509918213, 5.4903564453125, 6.0325469970703125, 6.685705661773682, 7.0857834815979, 7.170044898986816, 7.424001216888428, 7.569106101989746, 7.672696113586426, 7.581681251525879, 7.5594162940979, 7.859808444976807, 7.942706108093262, 8.000081062316895, 7.881033420562744, 7.975461483001709, 8.040800094604492, 7.822701930999756, 8.152517318725586, 8.134333610534668, 8.179726600646973, 8.192753791809082, 8.098688125610352, 8.286314010620117, 8.348638534545898, 8.298044204711914, 8.314876556396484, 8.274774551391602, 8.403972625732422, 8.337121963500977, 8.339853286743164, 8.371915817260742, 8.611760139465332, 8.473180770874023, 8.411172866821289, 8.475309371948242, 8.462236404418945, 8.53499984741211, 8.502763748168945, 8.558805465698242, 8.478157043457031, 8.454370498657227, 8.591163635253906, 8.635419845581055, 8.586506843566895, 8.675768852233887, 8.42463493347168, 8.537576675415039, 8.47385311126709, 8.561091423034668, 8.561956405639648, 8.705770492553711, 8.594770431518555, 8.70469856262207, 8.63122844696045, 8.625877380371094, 8.65277099609375, 8.610482215881348, 8.680562019348145, 8.72242546081543, 8.690645217895508, 8.569791793823242, 8.667235374450684, 8.692777633666992, 8.639558792114258], "inception_stds": [0.004216461908072233, 0.06378359347581863, 0.08832815289497375, 0.09395869076251984, 0.08303365111351013, 0.1114630401134491, 0.041139647364616394, 0.060572754591703415, 0.09793853759765625, 0.08811420947313309, 0.0839691013097763, 0.09462092816829681, 0.08711359649896622, 0.061285506933927536, 0.044471073895692825, 0.10718675702810287, 0.0917668417096138, 0.08836790174245834, 0.075351282954216, 0.12484680116176605, 0.06158672645688057, 0.07039900124073029, 0.05166827142238617, 0.061438437551259995, 0.061752285808324814, 0.08720938116312027, 0.06183518469333649, 0.06331343948841095, 0.07719504833221436, 0.05616031214594841, 0.06448902934789658, 0.09689192473888397, 0.08559902757406235, 0.08310285955667496, 0.09580940753221512, 0.10108157247304916, 0.07470980286598206, 0.07433544844388962, 0.0844859704375267, 0.09990982711315155, 0.08540424704551697, 0.06833462417125702, 0.0916101485490799, 0.07775954902172089, 0.05843120068311691, 0.06272688508033752, 0.06092023476958275, 0.07185757160186768, 0.08774730563163757, 0.09658804535865784, 0.06154291331768036, 0.06662444770336151, 0.04600761458277702, 0.09401967376470566, 0.07492571324110031, 0.07703430205583572, 0.07597571611404419, 0.09283518046140671, 0.10655095428228378, 0.06612566858530045, 0.07900069653987885, 0.0502471849322319, 0.06828773766756058, 0.0743359848856926, 0.06402504444122314, 0.09419204294681549], "inception_means_ema": [], "inception_means_avg": [], "fids_ema": [], "fids_avg": [], "fids": [56.81292933814661, 22.956500394715547, 5.272268419328782, 4.784725385349191, 2.3481124179535726, 1.2692885938158582, 1.313763100109398, 0.7731092729503786, 0.8460837522344207, 0.42138105751622845, 0.9113893227920755, 1.5031429059006314, 0.6680115517708174, 0.6589055144213205, 0.4344969482938126, 1.0218551635600335, 0.7036881787616238, 0.6626524557533742, 2.0264634358065337, 0.4163561295870295, 1.0440975479076826, 0.8262991319549542, 0.6124376542261416, 1.1223993358267705, 0.39875513487267256, 0.27337512916946594, 0.6489446494791054, 0.6767405565812226, 0.6508948012517379, 0.5069028586674165, 0.6597980193244837, 0.7494761431038768, 0.5686990817361846, 0.25772741406024124, 0.5397469263549652, 0.6437758896435355, 0.396948251634484, 0.6701099393404064, 0.3358605387630149, 0.5291977479959513, 0.2893899115570946, 0.524472781761915, 0.9238161902162432, 0.6870688860104934, 0.4126625628354361, 0.44433854169686526, 0.29695053328404697, 1.5559351465903717, 0.9673201743917303, 1.18369230139362, 1.0841740000326894, 0.4606802765170812, 0.38744413931681265, 0.7178951832728018, 0.337304020136898, 0.5539091064128456, 0.6025988865117284, 0.6625137182259806, 0.5326832684395413, 0.470725513451157, 0.40806331441392274, 0.5112937125590094, 1.1523355070455352, 0.6364884426199211, 0.5804197345832875, 0.5645694121245697], "entropy": [1.1485700587640646, 1.7863418910965227, 2.235497709656552, 2.2700385460455315, 2.29680290984471, 2.2959344837576494, 2.29316311886986, 2.296693832143935, 2.2893579996262226, 2.2983887556768807, 2.289698007228347, 2.2878687019707638, 2.293828410200727, 2.2933383152119458, 2.2979323695255, 2.2967373756633966, 2.294834266234216, 2.2961037989389443, 2.2940842472679863, 2.2964532549215684, 2.2929353172654823, 2.2955280482023372, 2.2935819782474987, 2.297890701792762, 2.300875487461238, 2.296384936151675, 2.3003781381240986, 2.293970406743733, 2.2946001228719473, 2.2994121037704853, 2.2955484669074737, 2.296776931381996, 2.29859538455252, 2.2993626597929575, 2.2993642628153896, 2.2936506124423235, 2.2961042582775493, 2.2956056705680736, 2.2998399326593644, 2.294715001066031, 2.2962490959388777, 2.297928986160197, 2.2970990715733075, 2.299759226591195, 2.2982567463091588, 2.300011189599469, 2.2995155055266747, 2.2980676141751917, 2.2992162535832255, 2.2983457753032535, 2.2995275818801484, 2.2994957403363214, 2.299985418208355, 2.296481675223437, 2.2996989733586304, 2.29560497356312, 2.299947589793198, 2.299382208049863, 2.2962329459102513, 2.2995753781589534, 2.299908929752161, 2.2982341169110776, 2.296632920821939, 2.2978144624844505, 2.2985659220481045, 2.2999024169989957], "l2-loss": [0.30477561950683596, 0.11975458404164256, 0.015298824545777872, 0.0064020321692949455, 0.0011682910683714315, 0.0012994507212697726, 0.001879331800672743, 0.0011982670536747684, 0.0025850272472993825, 0.0008672361020688661, 0.0025912908860194826, 0.0029291506166811343, 0.001783564061294367, 0.0018751167956693679, 0.0009225963074483991, 0.0011372554449387545, 0.0015547057728708526, 0.0013002277892312883, 0.0016531579288435573, 0.0012376149495442704, 0.0019741340919777204, 0.001416552508318866, 0.0018599521966628089, 0.0009459083462938849, 0.00034000726393711416, 0.001256335223162616, 0.0004435221354166668, 0.0016730084831331985, 0.0015468879982277206, 0.0006435818142361107, 0.0014352021393952547, 0.0012162338068455827, 0.0007723396207079473, 0.0006323967450930746, 0.0006465488009982637, 0.0017986580177589706, 0.0013222918098355517, 0.0013714825665509256, 0.0005584810986930942, 0.0015649018464265047, 0.001300651644483025, 0.0009629567464192713, 0.0010905842722198106, 0.0005665108009620949, 0.0008755483745056905, 0.000522759519977334, 0.0006145948245201583, 0.0009100925775221835, 0.0006797978907455635, 0.0008333512294439623, 0.0006115101001880786, 0.0006349634241174768, 0.0005221237370997303, 0.0012341063699604557, 0.0005926014464578512, 0.0014037426607108412, 0.0005333088062427666, 0.0006553084762008105, 0.0012485880910614393, 0.0006077660454644098, 0.0005490856406129438, 0.0008584764268663197, 0.0011735657115041476, 0.0009725876796392751, 0.0008120878243152005, 0.0005550431616512345],