{"inception_means": [1.2647325992584229, 2.9584078788757324, 4.874239444732666, 6.486807346343994, 6.764772891998291, 7.159407615661621, 7.256861686706543, 7.561626434326172, 7.651622772216797, 7.806763648986816, 7.870645046234131, 7.7343902587890625, 8.021075248718262, 8.021832466125488, 8.017284393310547, 8.053143501281738, 8.151678085327148, 8.168901443481445, 8.194628715515137, 8.239286422729492, 8.178512573242188, 8.319246292114258, 8.413089752197266, 8.2886962890625, 8.367486953735352, 8.392844200134277, 8.43876838684082, 8.473993301391602, 8.406652450561523, 8.476828575134277, 8.491048812866211, 8.409948348999023, 8.517364501953125, 8.500381469726562, 8.427618026733398, 8.537774085998535, 8.597463607788086, 8.581388473510742, 8.594688415527344, 8.529762268066406, 8.616971015930176, 8.55897331237793, 8.584196090698242, 8.582606315612793, 8.650835037231445, 8.659645080566406, 8.59990119934082, 8.653192520141602, 8.6249361038208, 8.719326972961426, 8.677671432495117, 8.644122123718262, 8.733121871948242, 8.64210033416748, 8.605130195617676, 8.662041664123535], "inception_stds": [0.005990786012262106, 0.039821408689022064, 0.07488717138767242, 0.10792673379182816, 0.07438840717077255, 0.09583326429128647, 0.09930790215730667, 0.11869179457426071, 0.07029059529304504, 0.10173095017671585, 0.08581729233264923, 0.08106746524572372, 0.08644472062587738, 0.1226925253868103, 0.11129636317491531, 0.05453130230307579, 0.10638836771249771, 0.09388416260480881, 0.09869290143251419, 0.06937854737043381, 0.11390866339206696, 0.08393652737140656, 0.03755133971571922, 0.09803832322359085, 0.11230552941560745, 0.03689493611454964, 0.08777166157960892, 0.06977502256631851, 0.08771629631519318, 0.0503518171608448, 0.08862509578466415, 0.0651249960064888, 0.05154000595211983, 0.08554520457983017, 0.05749841034412384, 0.12521696090698242, 0.055971913039684296, 0.10618796199560165, 0.070065937936306, 0.05807897821068764, 0.06404197216033936, 0.06464335322380066, 0.0891052633523941, 0.06161033734679222, 0.06475631147623062, 0.07474108040332794, 0.050880081951618195, 0.09314754605293274, 0.043446388095617294, 0.07949475198984146, 0.06533364206552505, 0.069072425365448, 0.07356598973274231, 0.07696413993835449, 0.0931718572974205, 0.08260753005743027], "inception_means_ema": [], "inception_means_avg": [], "fids_ema": [], "fids_avg": [], "fids": [55.28163512025863, 32.47360445791632, 11.28879473189248, 4.028928364179492, 2.9763458331808437, 1.8808938951787155, 1.7950238527137827, 0.8026404315985474, 0.46718338833042594, 0.4988774064246968, 0.4109429170898977, 1.3541893304846013, 0.2711871997936157, 0.5088596234805891, 0.7806541384162813, 0.8498682056790017, 0.4980335912928382, 0.6012209402979636, 0.41599004022125996, 0.6595497132419439, 0.8143963944818466, 0.6472255769173643, 0.2504916843878249, 0.7587198305512004, 0.49660764745043195, 0.788063692849434, 0.4629492242357287, 0.3331250882739738, 0.3704101545502425, 0.31635837661316657, 0.3759404760064058, 0.8902830954532135, 0.3654146399743041, 0.49037824345163017, 0.9368092477036782, 0.6512073407314176, 0.35496592191375953, 0.4416977026717319, 0.47911885149427746, 0.6123544910865775, 0.2414909599775541, 0.5578266477329379, 0.7313254861165603, 0.6185267630783073, 0.5547420024908547, 0.40216429452610214, 0.5430674947973273, 0.4929427139632736, 0.6168303518385017, 0.21732353333035803, 0.44742685569913476, 0.39786768017617646, 0.2699822087339072, 0.6475382781003987, 0.9054167652922587, 0.5640971843684213], "entropy": [1.1385369306841286, 1.8711689819568769, 2.2299366058956807, 2.2969339493498913, 2.2952190230981575, 2.295687935842467, 2.292313532410963, 2.2918820664488195, 2.292578599663231, 2.2968649489009265, 2.2915757995359782, 2.2920311087646286, 2.295287498074914, 2.2980598087988255, 2.2986997101348106, 2.2931933660154655, 2.2955018109171648, 2.2996870691269473, 2.2994349281068165, 2.2991016600494043, 2.2987191276005285, 2.2985194486571165, 2.2992801406024, 2.2975100127340844, 2.2986519325154138, 2.2945725692516636, 2.298088261117167, 2.299465029460654, 2.298081430335839, 2.297109803980418, 2.3016414422934828, 2.297413400768933, 2.2989149487231186, 2.298391889065645, 2.299702111049883, 2.2972714030149084, 2.300794611637016, 2.301541380211591, 2.298037478271218, 2.3005210141057013, 2.298405250517683, 2.2986127836871812, 2.2975404666780435, 2.300449011552419, 2.298460300149284, 2.3003634046688006, 2.2992710849219185, 2.2989195457319203, 2.3011355531128643, 2.3014043982478807, 2.2972152286117655, 2.2998908261287223, 2.3008009984820577, 2.3001302345161894, 2.2963721953303673, 2.2987020960029527], "l2-loss": [0.2721992115915558, 0.0983942808928313, 0.01444004671073254, 0.0011442490565923998, 0.0015044318305121528, 0.001409370516553337, 0.001971685150523245, 0.002179515508957851, 0.0020047694076726474, 0.0011154975420163001, 0.0022419399685329857, 0.0020855373806423607, 0.0014761041711877892, 0.0009102103150921104, 0.0007612958366488231, 0.0018475662043065206, 0.0014601860517337005, 0.0005785200330946182, 0.0006469962037639854, 0.0006915010051962773, 0.0007800396577811536, 0.0008225664680386763, 0.000647161036361883, 0.001012853928554205, 0.0007866565092110335, 0.0016505912498191552, 0.0009170626416618442, 0.0006388958589530285, 0.0009150375554591048, 0.0010908668423876347, 0.0001902921700183257, 0.001057500015070409, 0.0007311079237196182, 0.0008641278302228014, 0.0005886454641083143, 0.0010529082498432676, 0.0003607761712721836, 0.00020976596408420127, 0.0009217956919728977, 0.00041863241313416284, 0.0008329509217062111, 0.0008067896336684994, 0.0010039294207537615, 0.0004328315640673225, 0.0008328567316502702, 0.00043247835135754216, 0.0006754651481722606, 0.0007274109640239198, 0.0002920174304349921, 0.00024021289966724533, 0.0010911494125554592, 0.0005298708692009066, 0.0003501091474368247, 0.0005007190468870561, 0.001246822027512539, 0.0007911305368682483], "TVs": [0.6637586805555555, 0.37491319444444443, 0.1697048611111111, 0.040972222222222236, 0.04991319444444445, 0.04524739583333333, 0.06330295138888889, 0.05180121527777778, 0.05837673611111111, 0.040407986111111106, 0.057031250000000006, 0.060980902777777776, 0.051497395833333334, 0.041623263888888894, 0.03851996527777777, 0.0549045138888889, 0.046223958333333336, 0.031684027777777776, 0.030512152777777787, 0.03326822916666668, 0.03923611111111112, 0.03624131944444444, 0.03422309027777777, 0.04220920138888888, 0.03357204861111109, 0.04911024305555556, 0.039388020833333336, 0.031792534722222224, 0.03825954861111111, 0.03819444444444444, 0.01807725694444446, 0.04210069444444445, 0.03797743055555556, 0.0269748263888889, 0.03146701388888889, 0.044639756944444435, 0.026258680555555552, 0.019487847222222222, 0.031401909722222225, 0.024305555555555552, 0.025282118055555546, 0.03194444444444444, 0.04214409722222221, 0.023068576388888894, 0.03732638888888889, 0.02369791666666666, 0.03311631944444446, 0.03634982638888889, 0.021440972222222222, 0.019097222222222217, 0.042209201388888895, 0.028906249999999994, 0.022352430555555552, 0.03044704861111111, 0.04661458333333335, 0.03988715277777778],