{"inception_means": [1.2128363847732544, 4.943839073181152, 6.759886741638184, 7.300711631774902, 7.5415754318237305, 7.817617893218994, 7.932126522064209, 8.081974029541016, 8.188857078552246, 8.146121978759766, 8.221953392028809, 8.25471019744873, 8.402788162231445, 8.29157829284668, 8.487508773803711, 8.48408031463623, 8.476667404174805, 8.480023384094238, 8.589982032775879, 8.560175895690918, 8.525078773498535, 8.592086791992188, 8.592617988586426, 8.618729591369629, 8.631516456604004, 8.592974662780762, 8.641386032104492, 8.662300109863281, 8.718507766723633, 8.70701789855957, 8.69694709777832, 8.647717475891113, 8.771286010742188, 8.685598373413086, 8.631625175476074, 8.678324699401855, 8.672591209411621, 8.691944122314453, 8.65971565246582, 8.733061790466309, 8.648984909057617, 8.748017311096191, 8.740737915039062, 8.729809761047363, 8.753241539001465, 8.792425155639648, 8.715580940246582, 8.761103630065918, 8.691549301147461, 8.773443222045898, 8.765497207641602], "inception_stds": [0.004287185613065958, 0.11980915814638138, 0.08744488656520844, 0.06650769710540771, 0.03264002501964569, 0.09142492711544037, 0.07694941759109497, 0.05680020526051521, 0.08387620002031326, 0.0778554305434227, 0.06285972148180008, 0.07268813252449036, 0.07487373054027557, 0.07516507059335709, 0.08076015114784241, 0.08650211989879608, 0.10051985085010529, 0.09940094500780106, 0.05964042618870735, 0.0840594619512558, 0.08023293316364288, 0.09336782246828079, 0.09120402485132217, 0.0825573280453682, 0.06902144849300385, 0.0546264685690403, 0.05621062219142914, 0.13550294935703278, 0.05115131288766861, 0.08868353813886642, 0.10200448334217072, 0.07587984204292297, 0.06626540422439575, 0.09427578747272491, 0.1011337861418724, 0.05044201761484146, 0.10242306441068649, 0.08294303715229034, 0.0687149167060852, 0.09273384511470795, 0.08259466290473938, 0.10029830038547516, 0.052286628633737564, 0.09416487067937851, 0.08543303608894348, 0.06358078867197037, 0.07001908868551254, 0.028016258031129837, 0.04477638378739357, 0.06680011004209518, 0.06331504881381989], "inception_means_ema": [], "inception_means_avg": [], "fids_ema": [], "fids_avg": [], "fids": [57.144609310008484, 10.21577746713129, 2.958920565794344, 1.2945120089136424, 1.0373759406082002, 1.0024393409856884, 0.7339819505593823, 0.6803374483064175, 0.5391689510355064, 0.7926867935928641, 0.7215751406632478, 0.7825301515616729, 0.3084091458247258, 0.7408764053702157, 0.352199944797988, 0.5335625377823732, 0.4974219599671983, 0.7875897846542443, 0.35908228607635806, 0.564988713619627, 0.4871727691060528, 0.6250656148720424, 0.7527493804031877, 0.673092307955983, 0.7234823159692496, 0.7309684996455985, 0.543060212629058, 0.8866872042702312, 0.4699080476073334, 0.575840664551194, 0.25719677648895356, 1.3397376351217218, 0.4185920275076569, 0.581549467545571, 1.483314883898899, 0.8580599744437336, 0.9213709400397221, 1.1505227795406796, 1.260494942654546, 0.5821723234685692, 1.041712168841471, 0.7379426259883815, 0.9564119890502809, 1.1043941949762939, 0.8573069256830763, 0.8083574407900471, 1.0296493893161625, 1.1250965854934663, 1.2104000322873105, 1.1988172646810824, 0.9040181896697703], "entropy": [1.084451288925133, 2.1479234280095256, 2.295060468484142, 2.2893270668721333, 2.293414112184717, 2.2944726617186006, 2.2874045307638227, 2.2989187138614877, 2.2955989177781944, 2.2995727417546363, 2.299056623920223, 2.2979278769140863, 2.299485055450281, 2.296932726048808, 2.2978156545823993, 2.297248828301243, 2.2979362891097264, 2.2976912007809887, 2.2969504083269525, 2.2991081282617114, 2.2989605975486316, 2.2994588870740214, 2.299371024080858, 2.2998509612665066, 2.298681523960244, 2.298258283547567, 2.2983271849082816, 2.301654308678621, 2.2972244198549334, 2.300901934782753, 2.300497965716737, 2.296811803145625, 2.299776032787484, 2.2990118190854756, 2.300230579738838, 2.298367926486039, 2.3013239476794647, 2.2978398795860233, 2.301276628373108, 2.3001545996649075, 2.2996868541459103, 2.299578975038873, 2.300855119646442, 2.3003773438161548, 2.2997070963659416, 2.3016082336172894, 2.2993298266614577, 2.300966091441394, 2.3007551431636957, 2.2980491479627205, 2.2994529339257794], "l2-loss": [0.3237282364456742, 0.036451250241126554, 0.001504290545428241, 0.0026206781834731867, 0.0017814683325496723, 0.0015409304771894284, 0.003136698404947917, 0.0007371831823278353, 0.0013175587595244988, 0.0005981351122444059, 0.0006963517930772568, 0.0009120234736689811, 0.0006157486527054399, 0.0011182526011525849, 0.0009432945722415121, 0.0010306558491271218, 0.0009330514036578897, 0.0009506178490909533, 0.001129626050407504, 0.0007008964632764273, 0.0007450715995129244, 0.0006466900860821762, 0.000638919406467014, 0.0005468721742983219, 0.0007750711323302471, 0.0008361769311222028, 0.0008424641173562887, 0.00018603006998697922, 0.0011332288200472608, 0.0003409020694685569, 0.0004186324131341629, 0.0011569411666304977, 0.0005619661307629243, 0.0007170736053843553, 0.0004802091622058256, 0.0008742532612364968, 0.000250526710792824, 0.0009262226246021416, 0.0002617353274498457, 0.0004904758783034333, 0.0005881745138286072, 0.0006071067150728202, 0.0003520164960696373, 0.000434668270158179, 0.0005736456976996527, 0.00019662645128038216, 0.0006565800419560184, 0.00031777841073495365, 0.00036567405418113416, 0.0009127298990885413, 0.0006406383749879435], "TVs": [0.6842230902777777, 0.21360677083333338, 0.05327690972222223, 0.0691189236111111, 0.051106770833333336, 0.050651041666666646, 0.07319878472222224, 0.033311631944444434, 0.04273003472222221, 0.03211805555555556, 0.03765190972222221, 0.03830295138888889, 0.030447048611111117, 0.04676649305555556, 0.03895399305555555, 0.03997395833333333, 0.03934461805555556, 0.037369791666666666, 0.040342881944444436, 0.03500434027777779, 0.03387586805555557, 0.029101562500000018, 0.03266059027777778, 0.029513888888888895, 0.03765190972222223, 0.035698784722222224, 0.03313802083333333, 0.01848958333333333, 0.0351779513888889, 0.023068576388888887, 0.02625868055555556, 0.04390190972222222, 0.03226996527777777, 0.03641493055555555, 0.026584201388888888, 0.03619791666666667, 0.021419270833333323, 0.03938802083333335, 0.01909722222222223, 0.026150173611111112, 0.03532986111111111, 0.027929687499999994, 0.024587673611111117, 0.026085069444444435, 0.029036458333333334, 0.018836805555555565, 0.03196614583333334, 0.016493055555555552, 0.024631076388888888, 0.03862847222222222, 0.03539496527777778], "G_losses": [2.099461078643799, 0.6671077013015747, 0.7056367993354797, 0.9644733667373657, 1.0204997062683105, 0.7830123901367188, 0.458803653717041, 1.087437391281128, 0.9554413557052612, 0.4274945855140686, 1.3509008884429932, 1.011399745941162, 1.0713847875595093, 0.9598617553710938, 0.9706041812896729, 0.8245357871055603, 0.8788589835166931, 0.7229975461959839, 1.2469285726547241, 0.777072012424469, 0.8612571954727173, 1.0845623016357422, 1.1496543884277344, 1.2228853702545166, 0.8135794401168823, 1.1492462158203125, 0.8249001502990723, 0.8699928522109985, 0.952562689781189, 1.0196657180786133, 0.9847331643104553, 0.6150320768356323, 0.5322364568710327, 0.5480498671531677, 0.9496442079544067, 1.2148771286010742, 1.9089946746826172, 1.0400433540344238, 0.3924632668495178, 1.168390154838562, 0.783886194229126, 1.139918565750122, 1.5740163326263428, 0.7645941972732544, 1.0764490365982056, 1.4555355310440063, 1.1750373840332031, 1.1626843214035034, 1.5827839374542236, 1.3991930484771729, 1.075520396232605],