{"inception_means": [1.00068199634552, 1.0330370664596558, 1.0051662921905518, 2.1896979808807373, 3.421351671218872, 4.507120609283447, 4.953080177307129, 5.825142860412598, 6.383790016174316, 6.822728633880615, 7.0310564041137695, 7.277291774749756, 7.4231367111206055, 7.409674644470215, 7.436140537261963, 7.605307579040527, 7.687356472015381, 5.7752790451049805, 7.319362640380859, 7.120964050292969, 6.724108695983887, 5.70215368270874, 6.059017181396484, 1.0381803512573242, 1.0146524906158447, 1.0254862308502197], "inception_stds": [3.046488927793689e-05, 0.0012706696288660169, 0.00013056320312898606, 0.03700150549411774, 0.05981912836432457, 0.08214644342660904, 0.06538980454206467, 0.09279661625623703, 0.13399378955364227, 0.08460123091936111, 0.09046721458435059, 0.09293300658464432, 0.1078760176897049, 0.10208689421415329, 0.09366022795438766, 0.10796887427568436, 0.0684112086892128, 0.0854526087641716, 0.08934411406517029, 0.0807642936706543, 0.09110192954540253, 0.11243612319231033, 0.07255002856254578, 0.0007711129728704691, 0.0011197642888873816, 0.0012033450184389949], "inception_means_ema": [], "inception_means_avg": [], "fids_ema": [], "fids_avg": [], "fids": [69.68104415137482, 69.50209531881694, 78.44503834351997, 44.643972670952124, 24.863474256856193, 13.86184218600718, 12.715035853344261, 9.028892202738348, 5.138582797662593, 3.0196766251060865, 2.1300314731242906, 1.390360681050126, 1.3538569901488557, 1.1292407709806014, 1.2911478568758383, 0.7364497749119749, 0.950987464090673, 12.88629834848767, 2.440443753997897, 4.699724788854326, 7.1812747375756345, 14.095538717881126, 11.507128989787716, 70.92411875468234, 76.29485527266664, 75.55260886391132], "entropy": [4.1446531673890185e-18, 0.10455851684696021, 4.1446531673890185e-18, 1.5818462676130685, 1.9779637989311507, 1.976306644149746, 2.2225656876688755, 2.2814789486600455, 2.290359549083804, 2.2940508712856027, 2.2962884833158417, 2.2938662602930915, 2.2901205964967772, 2.295486737029921, 2.2964484129750837, 2.296559272951523, 2.295733198662005, 2.2148620024995043, 2.2883568497527755, 2.2847640765371744, 2.281918143176785, 2.2576285334994, 2.1934535650420908, 0.0020476216769924147, 4.1446531673890185e-18, 0.3643400309653802], "l2-loss": [0.9000000000000001, 0.8581529358286917, 0.9000000000000001, 0.15795599855022668, 0.07106847409848814, 0.06441908000428, 0.015012816440911944, 0.004483804585021217, 0.0023965058503327553, 0.0017251191315827551, 0.0012480700457537612, 0.0017730147750289352, 0.0025087333019868843, 0.0014328002929687499, 0.0012518847430193867, 0.0011758262728467405, 0.0013492537133487654, 0.016752106466411076, 0.0028225039258415316, 0.003466269410686728, 0.004108174641927083, 0.008944763371973863, 0.021281400138949174, 0.8995660664122783, 0.9000000000000001, 0.6907693180037134], "TVs": [0.9000000000000001, 0.8786241319444444, 0.9000000000000001, 0.5164062500000001, 0.37115885416666666, 0.3463107638888889, 0.1564236111111111, 0.08085937500000001, 0.06694878472222222, 0.05290798611111112, 0.046657986111111105, 0.05598958333333333, 0.0643012152777778, 0.04379340277777778, 0.04329427083333334, 0.04420572916666667, 0.05125868055555554, 0.1810980902777778, 0.0652126736111111, 0.07992621527777777, 0.09299045138888887, 0.1209418402777778, 0.1857204861111111, 0.8997829861111113, 0.9000000000000001, 0.8], "G_losses": [3.9561192989349365, 4.181836128234863, 11.528885841369629, 2.9551053047180176, 2.078998327255249, 1.7066771984100342, 1.4895308017730713, 0.9255297183990479, 1.1430935859680176, 1.1008899211883545, 1.0227229595184326, 1.052416443824768, 3.351555585861206, 0.9150968790054321, 1.0363225936889648, 0.9808533191680908, 1.1113362312316895, 1.6127467155456543, 2.805800676345825, 3.491346836090088, 4.314449310302734, 5.164095401763916, 6.489001274108887, 8.655906677246094, 4.62699556350708, 6.053798198699951], "D_losses": [0.06524301320314407, 0.031230781227350235, 2.3524205684661865, 0.10157705843448639, 0.3441072106361389, 0.6030519008636475, 0.6185694932937622, 0.8312685489654541, 0.8710955381393433, 0.9203375577926636, 0.9482120275497437, 0.9764434695243835, 2.159335136413574, 1.0866429805755615, 1.1234865188598633, 1.0493087768554688, 1.0533552169799805, 0.5894029140472412, 0.15192437171936035, 0.11319884657859802, 0.04477366805076599, 0.020110122859477997, 0.007584832608699799, 0.001953254686668515, 0.03769798204302788, 0.0032478414941579103], "iterations": [100, 200, 300, 400, 500, 600, 700, 800, 900, 1000, 1100, 1200, 1300, 1400, 1500, 1600, 1700, 1800, 1900, 2000, 2100, 2200, 2300, 2400, 2500, 2600], "times": [205.5512034893036, 393.8651170730591, 581.919243812561, 767.9098916053772, 950.8276834487915, 1140.5563497543335, 1326.0483107566833, 1518.4290652275085, 1710.938781261444, 1907.3492720127106, 2093.524652004242, 2280.3371982574463, 2463.9579668045044, 2653.1392529010773, 2841.54647064209, 3023.6598432064056, 3214.4100000858307, 3388.6630947589874, 3575.0868306159973, 3762.8299503326416, 3960.197241783142, 4143.178459882736, 4336.227300643921, 4513.289760351181, 4692.10587978363, 4872.657294988632]}