{"inception_means": [2.1758570671081543, 3.834746837615967, 5.136148452758789, 5.973845958709717, 6.32001256942749, 5.773078918457031, 5.889010429382324, 4.5617756843566895, 4.863999843597412, 5.410098552703857, 5.5122480392456055, 6.243266582489014, 5.0768046379089355, 6.137619495391846, 6.820059776306152, 5.834405422210693, 6.276023864746094, 4.4118475914001465, 6.569058418273926, 1.0048866271972656, 1.0003074407577515, 1.0021250247955322, 1.0001046657562256], "inception_stds": [0.029616300016641617, 0.031152434647083282, 0.07485633343458176, 0.09267660230398178, 0.0998174175620079, 0.07623866200447083, 0.07464633882045746, 0.07293792068958282, 0.10200349241495132, 0.12649290263652802, 0.1324322670698166, 0.09400463104248047, 0.06514306366443634, 0.10421213507652283, 0.09555932879447937, 0.11764433234930038, 0.05641612783074379, 0.03771141916513443, 0.11531195789575577, 0.001454551238566637, 0.00011826168338302523, 0.0002961114514619112, 2.3847340344218537e-05], "inception_means_ema": [], "inception_means_avg": [], "fids_ema": [], "fids_avg": [], "fids": [45.30434864497439, 27.238169269876643, 14.370382929166468, 5.412673707667508, 4.003414263033235, 9.503233606494064, 7.089667860289637, 21.08547938755474, 10.977861334306596, 12.505344834607627, 9.954524345608348, 6.089325913420254, 12.88442926300074, 4.977051704293913, 2.770807469052542, 9.385659612456607, 7.164781693877515, 18.774347972654994, 6.317128814672557, 76.16112881790035, 77.20810717546769, 76.77865782129706, 77.35617300770535], "entropy": [1.6650286762905848, 2.0616228169288346, 2.144315360350828, 2.231731921908379, 2.2772117791756856, 2.211577945419727, 2.2756214330919713, 2.1463299919809513, 2.108384917816892, 2.1583007437565844, 2.280194109756227, 2.199293806354161, 2.1918530011928388, 2.279551770611179, 2.2951322902993536, 2.2675267439834697, 2.27075457309864, 2.039276328236154, 2.218571466557958, 0.03143310954312905, 0.0020476216769924147, 4.1446531673890185e-18, 4.1446531673890185e-18], "l2-loss": [0.14086648446542246, 0.04263280232747396, 0.02874261832531588, 0.013397998574339312, 0.005364740630726755, 0.019076928974669654, 0.0056539041024667265, 0.03293850274733555, 0.046322179723668984, 0.03579050699869792, 0.004366796988028068, 0.023067125862027384, 0.02290942816086757, 0.004613881052276234, 0.0014626820882161458, 0.00694859351640866, 0.00595703125, 0.06994302066755884, 0.015838156806098094, 0.8900671876507043, 0.8995660664122783, 0.9000000000000001, 0.9000000000000001], "TVs": [0.4819010416666667, 0.2900824652777778, 0.21781684027777778, 0.14637586805555555, 0.084375, 0.16082899305555554, 0.09620225694444445, 0.20286458333333335, 0.24804687500000006, 0.2258246527777778, 0.09303385416666667, 0.1603298611111111, 0.18467881944444442, 0.09429253472222221, 0.05164930555555555, 0.09728732638888889, 0.09574652777777778, 0.2864800347222223, 0.15247395833333333, 0.8950086805555557, 0.8997829861111113, 0.9000000000000001, 0.9000000000000001], "G_losses": [1.6283223628997803, 1.1929177045822144, 1.1252858638763428, 0.8480645418167114, 1.4251549243927002, 0.7177048921585083, 1.0275367498397827, 1.1796488761901855, 1.5497649908065796, 0.5860652327537537, 0.9110573530197144, 0.5072147846221924, 1.0338289737701416, 0.7784083485603333, 0.4952342212200165, 0.6728290915489197, 0.9334954023361206, 1.4964382648468018, 0.8798500299453735, 3.1130969524383545, 6.602664947509766, 7.301867485046387, 6.112560749053955], "D_losses": [0.7257958650588989, 1.5850876569747925, 1.2958273887634277, 1.185107707977295, 1.6579053401947021, 1.3042477369308472, 1.4784350395202637, 1.5767297744750977, 2.0593581199645996, 1.4929771423339844, 1.4493821859359741, 1.3490341901779175, 1.2019902467727661, 1.2811667919158936, 1.4036415815353394, 1.4410685300827026, 1.4155348539352417, 1.753349781036377, 1.3483688831329346, 0.06845337152481079, 0.030400512740015984, 0.001965770497918129, 0.008733599446713924], "iterations": [100, 200, 300, 400, 500, 600, 700, 800, 900, 1000, 1100, 1200, 1300, 1400, 1500, 1600, 1700, 1800, 1900, 2000, 2100, 2200, 2300], "times": [213.2200129032135, 398.1791663169861, 579.6632721424103, 765.0418121814728, 949.1666495800018, 1130.19011926651, 1320.3731091022491, 1500.238028049469, 1688.0569849014282, 1874.6148793697357, 2061.093847513199, 2250.6644010543823, 2432.7007958889008, 2614.830584049225, 2802.119330406189, 2984.975103378296, 3168.5714886188507, 3348.708526611328, 3532.762235403061, 3719.747089624405, 3900.80370426178, 4087.8760941028595, 4275.115722179413]}