{"inception_means": [1.2625707387924194, 2.6009650230407715, 5.467031955718994, 5.978007793426514, 6.6060943603515625, 6.984727382659912, 7.163830757141113, 7.145546913146973, 7.520730495452881, 7.670435428619385, 7.6469268798828125, 7.766607761383057, 7.718605041503906, 7.857257843017578, 8.02382755279541, 7.980215549468994, 7.931551456451416, 7.948529243469238, 8.099831581115723, 8.100854873657227, 8.182398796081543, 8.21456527709961, 8.201400756835938, 8.190078735351562, 8.110891342163086, 8.296197891235352, 8.323400497436523, 8.321377754211426, 8.307372093200684, 8.247065544128418, 8.4441499710083, 8.41321086883545, 8.43527889251709, 8.350015640258789, 8.357397079467773, 8.403087615966797, 8.412457466125488, 8.5302095413208, 8.351731300354004, 8.544054985046387, 8.454156875610352, 8.514021873474121, 8.429139137268066, 8.403450012207031, 8.517715454101562, 8.408994674682617, 8.482213973999023, 8.527573585510254, 8.533831596374512, 8.611837387084961, 8.5064697265625, 8.535404205322266, 8.560467720031738, 8.631805419921875, 8.50459098815918, 8.505433082580566, 8.564495086669922, 8.59438419342041, 8.576861381530762, 8.628252029418945, 8.606317520141602, 8.711209297180176, 8.538671493530273, 8.576910972595215, 8.607969284057617, 8.636004447937012, 8.592955589294434, 8.586383819580078, 8.582365036010742, 8.651762008666992, 8.647710800170898, 8.596539497375488, 8.631089210510254, 8.616860389709473, 8.662649154663086, 8.720255851745605, 8.533773422241211, 8.74923324584961, 8.597265243530273, 8.65564250946045, 8.611001968383789, 8.548772811889648, 8.61648941040039, 8.614407539367676, 8.641203880310059, 8.645537376403809, 8.548421859741211, 8.588264465332031, 8.698984146118164, 8.611104011535645, 8.72659683227539, 8.787071228027344, 8.663695335388184, 8.624086380004883, 8.671860694885254, 8.650951385498047, 8.673401832580566, 8.686829566955566, 8.711499214172363, 8.733128547668457, 8.730255126953125], "inception_stds": [0.006036329548805952, 0.05797097086906433, 0.118402861058712, 0.11717929691076279, 0.07023122161626816, 0.0604853481054306, 0.09480971097946167, 0.08815453946590424, 0.06514958292245865, 0.07745520025491714, 0.08474873006343842, 0.08914898335933685, 0.11175527423620224, 0.07218309491872787, 0.0963609367609024, 0.11982277035713196, 0.06874906271696091, 0.08481630682945251, 0.04694942757487297, 0.07437634468078613, 0.0914897546172142, 0.12229529768228531, 0.09424107521772385, 0.041231267154216766, 0.07505094259977341, 0.12111269682645798, 0.11389178782701492, 0.07211564481258392, 0.06928472220897675, 0.1412566751241684, 0.09684630483388901, 0.07311546802520752, 0.06373900920152664, 0.07551045715808868, 0.03683244436979294, 0.07138528674840927, 0.05678166449069977, 0.0809948742389679, 0.07830499857664108, 0.06159823387861252, 0.0571909137070179, 0.08413761109113693, 0.07592016458511353, 0.13023093342781067, 0.08004248887300491, 0.06463345885276794, 0.0992451012134552, 0.07447517663240433, 0.0909934863448143, 0.05112825334072113, 0.0623953677713871, 0.08438269048929214, 0.0627446323633194, 0.06962142884731293, 0.07590167969465256, 0.10048194974660873, 0.09458930045366287, 0.046067144721746445, 0.06548989564180374, 0.056309428066015244, 0.06846906989812851, 0.11375510692596436, 0.06833947449922562, 0.07265030592679977, 0.12249123305082321, 0.08116979897022247, 0.10155948996543884, 0.05871857702732086, 0.06517583876848221, 0.08780868351459503, 0.08185029774904251, 0.05375972390174866, 0.11897864937782288, 0.09019047021865845, 0.08397743850946426, 0.03173225745558739, 0.08742357045412064, 0.08090528845787048, 0.05624324828386307, 0.04824003949761391, 0.054444972425699234, 0.049960531294345856, 0.09034764766693115, 0.0555771142244339, 0.0720541849732399, 0.09426087886095047, 0.0873793214559555, 0.05857013911008835, 0.05725293606519699, 0.07022307068109512, 0.03951962664723396, 0.07269085943698883, 0.02643170766532421, 0.08009390532970428, 0.09639770537614822, 0.08579450845718384, 0.08553087711334229, 0.07768935710191727, 0.04479168727993965, 0.09452981501817703, 0.040169261395931244], "inception_means_ema": [], "inception_means_avg": [], "fids_ema": [], "fids_avg": [], "fids": [55.510728203622676, 35.35369265609702, 7.638736248720107, 5.947798835764019, 3.314241347799154, 1.7960826494367979, 2.06158589706169, 2.5587466138931916, 1.0019718748629316, 0.9697837547748804, 1.016879157976561, 0.7831478053114722, 1.2676263773800258, 1.104520128255146, 0.3562496626666416, 0.6145901851090798, 0.8386480757452688, 1.1712441159161244, 0.5623658703567287, 0.4853183960560159, 0.48147182004157685, 0.49160897205554477, 0.5470253030988204, 0.8009069748766251, 1.214782547104008, 0.42557470086670435, 0.33510260595971886, 0.5258506243192755, 0.69120468229778, 0.7841793379928959, 0.34633158260949415, 0.5301042976909685, 0.32176340449203167, 0.5962305193211535, 0.937933872198812, 0.46484631996423786, 0.6910094813437837, 0.22998814198476225, 0.7695328159018402, 0.37478631296468734, 0.34548164154045935, 0.514112712946158, 0.7353285899735482, 0.8558884918264482, 0.595696344295007, 1.0557463934657534, 0.9491390844609668, 0.5086588562419792, 0.5613423081266689, 0.309229206801902, 0.7731061030158486, 0.664464803027073, 0.5269717335994955, 0.3277769187834565, 0.6849099481304108, 0.8467483127348459, 0.35043164967314056, 0.4519013249369692, 0.3792170822201655, 0.39737888289973, 0.47648054381105, 0.24263722285927258, 0.8904684987921314, 0.513181679306669, 0.7013483376745313, 0.39335978966359164, 0.8358256865194704, 0.6547957151027362, 0.7520119517938042, 1.046516835784189, 0.6344770305219072, 0.7848495628097822, 0.6144256153673666, 0.7869230247161596, 0.5570239593887294, 0.36748421557939537, 1.0831701392300914, 0.304631511609017, 0.9065856998335704, 0.8965507527010175, 0.9773061740408764, 0.8415220301854873, 0.6054745205035772, 0.9989815214935902, 0.7276331890532646, 0.6511805619222173, 1.4708114009315523, 0.9315628219772947, 0.48353623988603545, 1.002293270098889, 0.6658601347254631, 0.4138453079744693, 0.6101798281375892, 1.0648298354372372, 0.8656947020642036, 0.9761132255506766, 0.8399947846064606, 0.6452313389387143, 0.9678898559590294, 0.5443352216818482, 0.5535378125026682],