{"inception_means": [1.2181228399276733, 5.254055023193359, 6.456201076507568, 6.9007697105407715, 7.358898162841797, 7.548882484436035, 7.699243068695068, 7.902499198913574, 7.9342942237854, 8.088831901550293, 8.002790451049805, 8.251770973205566, 8.086060523986816, 8.152738571166992, 8.1429443359375, 8.303267478942871, 8.359196662902832, 8.223719596862793, 8.406450271606445, 8.435195922851562, 8.443142890930176, 8.522900581359863, 8.498151779174805, 8.509355545043945, 8.433083534240723, 8.390233993530273, 8.529480934143066, 8.513765335083008, 8.54970645904541, 8.528860092163086, 8.66036319732666, 8.594533920288086, 8.664056777954102, 8.579781532287598, 8.571159362792969, 8.617509841918945, 8.669227600097656, 8.635117530822754, 8.6139497756958, 8.678083419799805, 8.556602478027344, 8.652587890625, 8.578411102294922, 8.606145858764648, 8.67399787902832, 8.576706886291504, 8.618921279907227, 8.64320182800293, 8.629968643188477, 8.582820892333984, 8.597572326660156, 8.68283462524414, 8.67682933807373, 8.633974075317383, 8.622416496276855, 8.53090763092041, 8.636999130249023, 8.664040565490723, 8.691705703735352, 8.753789901733398, 8.65609073638916, 8.709538459777832, 8.63533878326416, 8.646079063415527, 8.640789031982422, 8.723634719848633, 8.70063591003418, 8.644647598266602, 8.755730628967285, 8.635055541992188, 8.715812683105469], "inception_stds": [0.0040084365755319595, 0.09916362166404724, 0.09314219653606415, 0.11042260378599167, 0.09526797384023666, 0.06935134530067444, 0.08990973234176636, 0.10840529948472977, 0.10164350271224976, 0.08059997111558914, 0.06903015822172165, 0.056527137756347656, 0.07920258492231369, 0.06946802139282227, 0.08926690369844437, 0.10202418267726898, 0.08580490946769714, 0.10088266432285309, 0.08368095755577087, 0.05769840255379677, 0.10703007876873016, 0.05506009981036186, 0.05028390884399414, 0.09483937174081802, 0.0714033767580986, 0.07485543936491013, 0.0403248630464077, 0.07702937722206116, 0.04331120103597641, 0.097795769572258, 0.06618006527423859, 0.04880285635590553, 0.08280130475759506, 0.09032902866601944, 0.105458565056324, 0.08879607170820236, 0.08480563759803772, 0.0817522257566452, 0.07349596917629242, 0.06483970582485199, 0.08293495327234268, 0.08308569341897964, 0.06648120284080505, 0.10629402846097946, 0.04803374037146568, 0.06955178827047348, 0.0773395448923111, 0.08819498866796494, 0.07122897356748581, 0.07654924690723419, 0.07048054784536362, 0.06349390745162964, 0.0792056992650032, 0.09062271565198898, 0.07577916234731674, 0.10396517068147659, 0.0832614079117775, 0.10466454178094864, 0.06922928243875504, 0.08974718302488327, 0.10388931632041931, 0.1103256344795227, 0.06405153125524521, 0.06160322204232216, 0.06875042617321014, 0.07771745324134827, 0.09881661087274551, 0.048794224858284, 0.09679418057203293, 0.08408860117197037, 0.0754118412733078], "inception_means_ema": [], "inception_means_avg": [], "fids_ema": [], "fids_avg": [], "fids": [56.6381948324003, 10.770237621198902, 3.7283210568997163, 2.7896248879724936, 1.458759306532329, 1.3924653075525413, 1.004586848806511, 0.79715044917873, 0.7443201382893108, 0.6773295165764921, 1.2903742671367127, 0.4610857253860132, 1.5563665720503934, 1.3192293253285499, 1.1720277483429697, 0.7888988263502625, 0.6460984380532153, 1.6234462435730563, 0.4371692666773015, 0.39309458496452976, 0.6629461775890917, 0.7356961123274885, 0.6017851929657212, 0.54026266478823, 0.9865201612417422, 0.7448173513050733, 0.6836631315925104, 0.5379879306003801, 0.7858678198841318, 0.6389872815135504, 0.37464548169926104, 0.7148647434541715, 0.3434923910841974, 0.9633504588827293, 1.1246951886712253, 0.7292561875758139, 0.6309345245986151, 0.7869786043236502, 0.7243902581233925, 0.7286450127049307, 1.2621871101124071, 0.985005469590746, 1.502329452093221, 0.9066999771004589, 0.7917144256989559, 1.4210240705659913, 1.1228682160519554, 0.9106915835210572, 1.3378216868166533, 1.1651159326417684, 1.4455002284851446, 0.953475769534009, 0.7893323678269013, 1.2909015162146886, 1.0771670220432554, 1.6630614523449907, 1.039235942090599, 1.165532280931913, 0.9821548973223173, 0.6628563665665439, 1.2361695019527303, 0.9214605826621778, 1.1348005309855012, 1.0222796458272683, 1.5158064130706776, 0.8566566378515006, 1.023222119694168, 1.3022890408679046, 1.0883532487794838, 1.4890410728284138, 1.2357407681825947], "entropy": [1.219047352731057, 2.132318714849768, 2.2920603219850593, 2.2814625657267675, 2.294221670823424, 2.289718883227588, 2.2967085757912438, 2.292116670066351, 2.287072444865456, 2.29551808183057, 2.2951262920240367, 2.298592799572304, 2.2965308688253887, 2.2972287047931665, 2.289400971006213, 2.2957619929562765, 2.3001517173572164, 2.2962279337378724, 2.295352706528694, 2.2985778341955565, 2.2991431848907924, 2.3008419437715624, 2.2994892845723047, 2.299306256461704, 2.294477056439381, 2.2921082153938968, 2.296073882358105, 2.3009506650995535, 2.2944491136464076, 2.2998918135180793, 2.300926980571849, 2.296741685029322, 2.2979663676776974, 2.296621188895788, 2.293927561776351, 2.2987661518001685, 2.3000959555717055, 2.2980199013996563, 2.2985786677617623, 2.2993484381727685, 2.2941038314221673, 2.2987325196184316, 2.2985550794754044, 2.296525000939619, 2.30088786320566, 2.2983468044672195, 2.300407210710574, 2.299778113151777, 2.2979897777522287, 2.298684318649229, 2.297317021235411, 2.298795230325019, 2.2995918904922337, 2.301437504866646, 2.299003208914361, 2.2974400120106426, 2.299367444605657, 2.3008311670968644, 2.2995484759755493, 2.2995920958232436, 2.2987227659910983, 2.2993060980020976, 2.2988393475921303, 2.2984314227989464, 2.2976089115140494, 2.3003385321409464, 2.2978865145768004, 2.2994280769271707, 2.3017728849509043, 2.3011873596663346, 2.3010342547219955], "l2-loss": [0.2686718646390938, 0.03203792807496624, 0.002086385091145834, 0.004141117613992574, 0.0016357563160083913, 0.0025589836968315967, 0.0011902844464337385, 0.002102938993477527, 0.0031098071439766583, 0.0014006814838927462, 0.0014702879352334105, 0.0007684307333863811, 0.001208698602370274, 0.0010562049018012151, 0.0026148384000048226, 0.001424064165280189, 0.00048305841139805177, 0.0012236041787229933, 0.0015043376404562114, 0.0008074725115740742, 0.0006914068151403359, 0.00034735408830054013, 0.0006243905903380592, 0.0006443353346836419, 0.0016745861665702169, 0.0020831590817298423, 0.0013295208966290506, 0.00033056471082899304, 0.0016738090986086994, 0.0005447764455536266, 0.0003230059588396989, 0.0011780868341893327, 0.0009059482150607644, 0.0011873410071855715, 0.0017673162766444835, 0.0007400088840060764, 0.000496197924201871, 0.0009173216643156831, 0.0008017504656756367, 0.0006555910463686345, 0.0016784008638358414, 0.000789340925805363, 0.000815219643675251, 0.0012195069112895445, 0.0003345913357204858, 0.0008626914318696949, 0.000439730985665027, 0.0005570211528260031, 0.0009084207040292246, 0.0007881870976200809, 0.0010800349859543788, 0.0007481092288170331, 0.0005998069857373654, 0.00022634341392988028, 0.0007256919955029901, 0.0010724526864510997, 0.0006393432617187502, 0.0003585627049575619, 0.0006161489604431908, 0.000607436380268615, 0.0007843959478684414, 0.000672215591242284, 0.000728282222041377, 0.0008384845874927664, 0.0010276653148509837, 0.00043947196301118813, 0.000997830614631558, 0.0006361643473307294, 0.00016283576871141967, 0.00028200973699122277, 0.0003089480929904514],