{"inception_means": [1.0049331188201904, 1.0495433807373047, 1.0309178829193115, 1.1632649898529053, 2.0780835151672363, 4.121157646179199, 4.546648979187012, 3.540675401687622, 5.716652870178223, 5.863131999969482, 4.584105014801025, 6.172865390777588, 6.542655944824219, 6.767667293548584, 6.898456573486328, 7.019505977630615, 5.8363423347473145, 6.496855735778809, 7.065537452697754, 7.2975006103515625, 7.242649078369141, 7.286424160003662, 6.644092559814453, 7.165097236633301, 7.2383270263671875, 7.398399353027344, 7.4633917808532715, 7.624676704406738, 7.5918450355529785], "inception_stds": [0.0001646375603741035, 0.001573982066474855, 0.0007033132133074105, 0.005119239445775747, 0.01689228042960167, 0.04775569587945938, 0.09070009738206863, 0.06092529371380806, 0.0794081836938858, 0.0967150628566742, 0.058260057121515274, 0.06961201876401901, 0.058896977454423904, 0.07978876680135727, 0.10898488759994507, 0.0979866310954094, 0.058956701308488846, 0.05190230533480644, 0.09328971803188324, 0.0995858758687973, 0.10432173311710358, 0.06974251568317413, 0.06343749910593033, 0.09396062791347504, 0.11798080801963806, 0.07111121714115143, 0.10644885897636414, 0.07972123473882675, 0.05784130468964577], "inception_means_ema": [], "inception_means_avg": [], "fids_ema": [], "fids_avg": [], "fids": [71.62365594292486, 65.27727274005414, 69.87309580756694, 55.29306881732279, 40.0610882696391, 20.25416471383366, 17.800207221465996, 28.7701815505105, 8.99149946840761, 9.366716322046386, 17.230416538957726, 7.434129691342605, 5.441477775103564, 3.8288720841147637, 3.8490219344106578, 3.4060345072164466, 10.18876959017689, 6.888028858364592, 2.54592769384692, 2.166614720612003, 2.589135784858186, 2.8594569185914906, 6.964813457471976, 3.1859593921630136, 2.978931115007498, 2.315255007429883, 2.1854958306561656, 1.82178219995086, 1.5823467168076917], "entropy": [4.1446531673890185e-18, 0.9860071603308234, 1.0192909698645976, 0.4772847198598217, 1.79615115867304, 2.073519898646417, 2.2232368344163214, 2.0943249055373854, 2.267586558643907, 2.2668702392428726, 2.0268724581686195, 2.2741674275661827, 2.292360303147328, 2.2911572297595226, 2.2831097497304036, 2.291911425417168, 2.2803861554631784, 2.287930565632782, 2.274504809343241, 2.298350105821167, 2.297200320993476, 2.289696989969743, 2.285867269071701, 2.2739162828583686, 2.2962710273734053, 2.291641175662071, 2.297874479062517, 2.2992739545219525, 2.297380384926967], "l2-loss": [0.9000000000000001, 0.2992401641092183, 0.28527813664189094, 0.5998140547010634, 0.10800866021050348, 0.03931380377875434, 0.016997330277054395, 0.03867568969726562, 0.006848304654345102, 0.007007344563802082, 0.05935577580958237, 0.005688895708248938, 0.0020628611246744787, 0.002343594586407697, 0.0039204774079499415, 0.0022083141185619223, 0.004357472172489872, 0.0029314582730516968, 0.005532351835274403, 0.0008337515371817127, 0.0010715814284336417, 0.002595152678313079, 0.00324066067919319, 0.0051626087706766, 0.0013055730749059603, 0.00225677490234375, 0.0009616616331500773, 0.0006680947762948495, 0.0010530024398992094], "TVs": [0.9000000000000001, 0.7000000000000001, 0.7000000000000001, 0.8, 0.39893663194444445, 0.2922092013888889, 0.17552083333333335, 0.2884114583333333, 0.1123046875, 0.11664496527777776, 0.28120659722222224, 0.10655381944444443, 0.06397569444444445, 0.05946180555555555, 0.081640625, 0.05876736111111113, 0.09733072916666666, 0.07291666666666666, 0.10062934027777777, 0.03971354166666666, 0.0433376736111111, 0.0682074652777778, 0.07903645833333334, 0.08634982638888887, 0.04459635416666666, 0.06338975694444446, 0.03630642361111112, 0.03537326388888889, 0.04123263888888889], "G_losses": [2.5829617977142334, 3.1524276733398438, 5.030736923217773, 2.995788097381592, 0.8240694999694824, 0.8628162145614624, 0.7760880589485168, 0.8655595779418945, 0.7392563223838806, 0.7335276007652283, 1.2774324417114258, 0.9382120370864868, 0.7860128879547119, 0.9758642315864563, 0.733322262763977, 0.7450522184371948, 1.2100636959075928, 0.8945907950401306, 0.7318990230560303, 0.7154157161712646, 0.5116826295852661, 0.8399221897125244, 1.2424540519714355, 0.7223156690597534, 0.7620214223861694, 0.6876039505004883, 0.8729541301727295, 0.7301495671272278, 0.7077054977416992], "D_losses": [0.22723738849163055, 0.156624436378479, 0.020621689036488533, 0.10386477410793304, 1.4538722038269043, 1.3198668956756592, 1.381198763847351, 1.2660353183746338, 1.3202385902404785, 1.324355125427246, 1.0838344097137451, 1.3955237865447998, 1.315058708190918, 1.3755613565444946, 1.3142600059509277, 1.3268892765045166, 1.7061585187911987, 1.4625244140625, 1.347829818725586, 1.3449821472167969, 1.4033668041229248, 1.3585076332092285, 1.7060596942901611, 1.3553317785263062, 1.3613617420196533, 1.3579792976379395, 1.3812079429626465, 1.3485764265060425, 1.3510823249816895], "iterations": [100, 200, 300, 400, 500, 600, 700, 800, 900, 1000, 1100, 1200, 1300, 1400, 1500, 1600, 1700, 1800, 1900, 2000, 2100, 2200, 2300, 2400, 2500, 2600, 2700, 2800, 2900], "times": [361.57815885543823, 563.2483711242676, 755.1008296012878, 958.3505058288574, 1160.3516783714294, 1355.0856227874756, 1552.1457614898682, 1746.8808488845825, 1946.530323266983, 2140.6416556835175, 2342.148464202881, 2530.6167063713074, 2718.29678940773, 2909.584630727768, 3102.1510899066925, 3300.7645630836487, 3498.7821855545044, 3693.1026649475098, 3888.8250930309296, 4085.9829030036926, 4279.985263824463, 4473.915143489838, 4670.528570175171, 4874.6016635894775, 5067.852868080139, 5263.345011949539, 5461.487037658691, 5656.818773508072, 5854.754196405411]}