{"inception_means": [1.0019404888153076, 1.0048022270202637, 1.0788335800170898, 1.721331238746643, 2.700106143951416, 3.5750041007995605, 3.868661880493164, 5.290452480316162, 5.684736251831055, 6.279699802398682, 6.143959999084473, 6.762843132019043, 6.356226921081543, 6.836691379547119, 7.073550224304199, 5.524174690246582, 6.814967155456543, 6.491057395935059, 7.1553168296813965, 6.948740482330322, 7.075925350189209, 7.415083408355713, 7.154476165771484, 7.2898268699646, 7.293862342834473, 7.523619174957275, 7.6029486656188965, 7.661131858825684, 7.607077598571777], "inception_stds": [3.1293879146687686e-05, 0.00017265166388824582, 0.0027094532269984484, 0.017910802736878395, 0.032720502465963364, 0.040878839790821075, 0.07458814233541489, 0.027449985966086388, 0.08873104304075241, 0.08224126696586609, 0.05319056287407875, 0.0657753273844719, 0.09414339065551758, 0.07872557640075684, 0.10154860466718674, 0.05328553169965744, 0.05336479842662811, 0.07609564810991287, 0.08921141922473907, 0.06250248104333878, 0.06694576144218445, 0.08915521204471588, 0.06961625814437866, 0.04282255098223686, 0.048280563205480576, 0.06887930631637573, 0.08961935341358185, 0.09207900613546371, 0.09216075390577316], "inception_means_ema": [], "inception_means_avg": [], "fids_ema": [], "fids_avg": [], "fids": [70.98426659342374, 72.00866582037706, 60.32648051810754, 54.443276065617866, 36.90748216061621, 27.26039864268823, 27.99014383063549, 11.431098310766131, 9.907516969966608, 6.6134237240204925, 7.928513954342705, 4.793133509173998, 6.8210634085852035, 3.780414717461099, 2.74415502579474, 15.023240164647646, 3.3246623669560194, 5.530882260141283, 2.604824996210965, 3.897602060892382, 2.8638020061715252, 1.7448420187121485, 2.80658067548255, 3.008150253415522, 3.195803689344899, 1.5122390485894073, 1.4722587419082913, 1.5745530221894057, 2.1613209787206245], "entropy": [4.1446531673890185e-18, 4.1446531673890185e-18, 4.1446531673890185e-18, 1.0645510007823482, 1.984425761143325, 1.9641539074946932, 1.9864528907819863, 2.232916338035411, 2.2682084620524186, 2.277812783721034, 2.256393455442138, 2.299242341227032, 2.24925687690532, 2.289007911727754, 2.292542384098667, 2.175846037133739, 2.2637490412207506, 2.292819564624613, 2.2997622095764996, 2.293932565384846, 2.293787557067953, 2.294587115737007, 2.2746629179015496, 2.2893942443003596, 2.296401696227739, 2.2948109695207037, 2.2948040078302534, 2.2992243887941552, 2.296163688148823], "l2-loss": [0.9000000000000001, 0.9000000000000001, 0.9000000000000001, 0.2809696244604794, 0.05191758709189332, 0.057251852530020256, 0.06298312905394002, 0.01170615678952064, 0.006989825213396993, 0.004815235844364873, 0.008833477820879147, 0.0006667290204836998, 0.011345526612835166, 0.0027210141405647186, 0.0019972577507113244, 0.026606764616789645, 0.007537210723500191, 0.00189678050853588, 0.0005686771722487464, 0.0017163594563802086, 0.0017674340142144096, 0.001596267135054977, 0.00535769992404514, 0.0025067553108121133, 0.0011721764081790121, 0.001522492773738908, 0.0014992278299213928, 0.0006854963891300155, 0.0013179119722342791], "TVs": [0.9000000000000001, 0.9000000000000001, 0.9000000000000001, 0.6927300347222223, 0.2759765625, 0.3386501736111111, 0.3165147569444445, 0.14012586805555555, 0.10562065972222222, 0.0948784722222222, 0.12322048611111112, 0.03313802083333332, 0.12864583333333332, 0.05963541666666666, 0.060655381944444454, 0.17805989583333331, 0.09375, 0.049218750000000006, 0.027994791666666685, 0.05740017361111111, 0.047526041666666664, 0.05648871527777779, 0.09548611111111112, 0.062391493055555546, 0.041059027777777764, 0.05279947916666667, 0.04963107638888888, 0.03272569444444445, 0.043836805555555566], "G_losses": [4.2443695068359375, 5.953490257263184, 0.5955235958099365, 1.1636230945587158, 1.344120740890503, 0.6850907802581787, 0.8038813471794128, 0.7521762847900391, 0.9312280416488647, 0.7084039449691772, 0.8713318109512329, 0.8153476715087891, 1.0151915550231934, 0.8010980486869812, 0.760550856590271, 1.6834659576416016, 0.7491434812545776, 0.7475156188011169, 0.7096181511878967, 0.2542644143104553, 0.8201128840446472, 0.7130829095840454, 0.8207666873931885, 0.5576778650283813, 0.7330418825149536, 0.6183826923370361, 0.7422842979431152, 0.7995271682739258, 0.7525014877319336], "D_losses": [0.046359993517398834, 0.010362271219491959, 0.9019327759742737, 0.5757020711898804, 0.7963237166404724, 1.1990894079208374, 1.2335503101348877, 1.2830533981323242, 1.4212123155593872, 1.297092080116272, 1.2969837188720703, 1.3372572660446167, 1.5175092220306396, 1.32876455783844, 1.3408217430114746, 1.5202040672302246, 1.2808277606964111, 1.3741832971572876, 1.3225513696670532, 1.7570207118988037, 1.3376202583312988, 1.333929419517517, 1.3115060329437256, 1.3447705507278442, 1.3703056573867798, 1.3546035289764404, 1.3032475709915161, 1.3066486120224, 1.3173227310180664], "iterations": [100, 200, 300, 400, 500, 600, 700, 800, 900, 1000, 1100, 1200, 1300, 1400, 1500, 1600, 1700, 1800, 1900, 2000, 2100, 2200, 2300, 2400, 2500, 2600, 2700, 2800, 2900], "times": [341.7579662799835, 535.8703260421753, 731.5757265090942, 932.5660512447357, 1132.8048372268677, 1323.1563084125519, 1518.5090742111206, 1719.3608183860779, 1917.2997162342072, 2110.649570941925, 2305.9693207740784, 2491.981762647629, 2679.9767594337463, 2885.515823841095, 3087.4381940364838, 3290.023003101349, 3488.815369129181, 3692.9955627918243, 3893.6447014808655, 4084.5117700099945, 4277.513808012009, 4473.079018354416, 4665.012830018997, 4860.028762340546, 5055.093917131424, 5253.603890419006, 5451.691221475601, 5645.778129577637, 5839.067620277405]}