{"inception_means": [1.0242869853973389, 1.0012941360473633, 1.007704257965088, 1.0282899141311646, 1.0250544548034668, 1.0002520084381104, 1.3368102312088013, 4.087920665740967, 4.885331630706787, 4.674944877624512, 4.76025390625, 5.635784149169922, 5.783829689025879, 5.934805870056152, 5.887101173400879, 5.916361331939697, 6.446368217468262, 6.555649757385254, 6.16888427734375, 7.118272304534912, 7.19180154800415, 7.358753204345703, 4.768548011779785, 7.286111354827881, 7.522276878356934, 6.425588130950928, 6.201048851013184, 7.6120147705078125, 7.692800998687744], "inception_stds": [0.0007150775636546314, 4.52893327747006e-05, 0.0002222214243374765, 0.0009810636984184384, 0.0006941123283468187, 8.045700269576628e-06, 0.015130843035876751, 0.052194345742464066, 0.06089009344577789, 0.05973898991942406, 0.09097382426261902, 0.07317313551902771, 0.05643833428621292, 0.09828770905733109, 0.06054748594760895, 0.05767524987459183, 0.07050053775310516, 0.12354431301355362, 0.05378733202815056, 0.10492157191038132, 0.0930698812007904, 0.1376318335533142, 0.07260926812887192, 0.08137691766023636, 0.08312814682722092, 0.08663605153560638, 0.08413391560316086, 0.12594659626483917, 0.07909779995679855], "inception_means_ema": [], "inception_means_avg": [], "fids_ema": [], "fids_avg": [], "fids": [68.03103448939389, 75.63440547501202, 72.27923640543237, 69.18400742108558, 73.38564547027103, 89.23234000855626, 56.181798047550956, 24.24208128133624, 14.72975786982336, 16.92180450733011, 13.961042865014605, 10.564720489091144, 10.282696008893737, 11.342944290734266, 11.313912938730581, 12.694755659839444, 8.059772049936598, 7.013965620113751, 9.714578579031311, 2.7928073372656996, 3.1122141493055153, 1.5386329657847995, 17.988455907063496, 2.646535848473121, 1.7796317243325745, 9.805365967328157, 11.725086814712654, 1.7939400213148105, 1.5548286229335702], "entropy": [0.5341358419259061, 4.1446531673890185e-18, 0.07567135578296731, 0.25333460513893746, 0.0010990280086263951, 4.1446531673890185e-18, 0.3759432250827934, 1.9866808626066588, 2.145718330992951, 2.2584087980751226, 2.063133015356167, 2.2453315692702307, 2.2889498261417893, 2.2792604278943696, 2.254446875671709, 2.2720949297347253, 2.2589639737058627, 2.277654236772895, 2.2627800203866655, 2.291322509193248, 2.2966087344056643, 2.2886698553604177, 2.203978535920062, 2.2936320226754465, 2.2966694846218867, 2.251217459191534, 2.2563194951656427, 2.298476996972516, 2.300336900780055], "l2-loss": [0.5857940061592763, 0.9000000000000001, 0.8717613738260153, 0.7933260175916884, 0.8997830096586252, 0.9000000000000001, 0.7319211889196326, 0.059543661423671394, 0.030030879267939816, 0.009201478369442035, 0.04603108535578221, 0.011497360983012633, 0.0027100409990475508, 0.0046309765474295906, 0.008855871506679207, 0.006536535569179206, 0.00809705286850164, 0.005012399178964122, 0.007966623188536841, 0.0022527953724802274, 0.0012132668200834293, 0.0028227394009813847, 0.01882633633083768, 0.0017994115382065005, 0.0011930159580560377, 0.011411271271882234, 0.009723102899245273, 0.0008210123321156444, 0.000451975692937403], "TVs": [0.787738715277778, 0.9000000000000001, 0.8856770833333334, 0.8443359375, 0.8998914930555555, 0.9000000000000001, 0.8091796875, 0.33036024305555556, 0.22022569444444445, 0.11996527777777778, 0.29650607638888893, 0.1318359375, 0.07020399305555555, 0.09205729166666665, 0.13328993055555555, 0.10303819444444447, 0.10421006944444444, 0.0838324652777778, 0.1271701388888889, 0.06831597222222222, 0.04715711805555555, 0.0716796875, 0.19856770833333334, 0.05182291666666666, 0.04188368055555555, 0.12608506944444442, 0.12072482638888889, 0.037543402777777776, 0.028754340277777762], "G_losses": [2.7572035789489746, 4.508630752563477, 5.2140350341796875, 5.16944694519043, 5.008091449737549, 4.336938858032227, 1.965574860572815, 0.7423808574676514, 1.0895928144454956, 0.9151046276092529, 0.8363956212997437, 0.8184726238250732, 0.791115403175354, 0.7853820323944092, 1.5316188335418701, 1.2840051651000977, 0.8546366691589355, 0.7542521953582764, 0.730124831199646, 0.737557053565979, 0.8482574224472046, 0.7713558673858643, 1.1207630634307861, 0.9289264678955078, 0.5618593096733093, 0.839038074016571, 0.5270152688026428, 0.8958735466003418, 0.7276054620742798], "D_losses": [0.21610617637634277, 0.036740925163030624, 0.015468619763851166, 0.013588421046733856, 0.01031300239264965, 0.08431699872016907, 1.0742570161819458, 1.0611863136291504, 1.3482921123504639, 1.5776965618133545, 1.399613618850708, 1.360995888710022, 1.346530795097351, 1.3138597011566162, 1.792189121246338, 1.5914525985717773, 1.4296870231628418, 1.3724243640899658, 1.3306646347045898, 1.3181148767471313, 1.3435554504394531, 1.3400657176971436, 0.9428060054779053, 1.367281198501587, 1.3776922225952148, 1.3668184280395508, 1.432741641998291, 1.3627866506576538, 1.3224937915802002], "iterations": [100, 200, 300, 400, 500, 600, 700, 800, 900, 1000, 1100, 1200, 1300, 1400, 1500, 1600, 1700, 1800, 1900, 2000, 2100, 2200, 2300, 2400, 2500, 2600, 2700, 2800, 2900], "times": [196.07308626174927, 374.89880204200745, 567.1407763957977, 751.9341669082642, 941.9485094547272, 1122.6310575008392, 1315.6405770778656, 1497.68922829628, 1684.1551859378815, 1865.1902227401733, 2052.8514404296875, 2238.755268096924, 2419.678145170212, 2600.5297598838806, 2785.151580095291, 2976.507447242737, 3159.9279012680054, 3344.056049823761, 3541.3358500003815, 3728.2067606449127, 3910.514388561249, 4104.4576144218445, 4294.021198272705, 4483.583303689957, 4670.092573881149, 4860.970241308212, 5047.805584192276, 5232.382858514786, 5412.621788263321]}