{"inception_means": [1.0351715087890625, 1.5563923120498657, 2.566405773162842, 5.001253128051758, 4.922260284423828, 4.3151068687438965, 5.41179895401001, 5.4194111824035645, 5.8469319343566895, 6.391928672790527, 3.690896987915039, 6.471781253814697, 6.797285556793213, 6.727252006530762, 7.034115791320801, 7.1501946449279785, 5.750389575958252, 6.979456424713135, 1.3381760120391846, 1.3085920810699463, 1.0031630992889404, 1.0052210092544556, 1.0045086145401], "inception_stds": [0.0024520717561244965, 0.015099015086889267, 0.03881105035543442, 0.06319862604141235, 0.0699118822813034, 0.06831265985965729, 0.09715281426906586, 0.06476534157991409, 0.06280949711799622, 0.11826778203248978, 0.06405745446681976, 0.11514848470687866, 0.07100939750671387, 0.06201241537928581, 0.07623555511236191, 0.05648950859904289, 0.10722441971302032, 0.08996067196130753, 0.010288890451192856, 0.010150441899895668, 0.0020426048431545496, 0.0027335239574313164, 0.0024048814084380865], "inception_means_ema": [], "inception_means_avg": [], "fids_ema": [], "fids_avg": [], "fids": [64.15385913220989, 52.67156505872355, 38.35490803985101, 14.364805747596222, 13.118073380939222, 19.689814157590206, 11.345415664063438, 12.789275974203292, 10.847167951267537, 6.710852629225144, 29.857405256084803, 5.029427295645064, 4.663707035063652, 4.974337118952491, 4.058538568281847, 2.9000225110882383, 13.882143919237194, 4.956678793504253, 54.78774738881975, 60.98930026334703, 76.67045805161175, 76.24148237774226, 76.08798737859242], "entropy": [0.009226589076388828, 1.5434681756368411, 1.5397237828013794, 2.2377588878282624, 2.159870286669588, 2.1540349909007164, 2.232915837173783, 2.291167831920614, 2.2660931410452414, 2.2894010910941183, 2.026041442018368, 2.250491735099383, 2.2983477907044345, 2.2958411971049806, 2.2910043603383663, 2.29427082202295, 2.2389495973845133, 2.2374596671408664, 0.9292019720044754, 0.8197161093912377, 0.022513431899737098, 0.0401381906837299, 0.022776393753669986], "l2-loss": [0.8976156964714146, 0.1562330975944613, 0.22291487705560384, 0.012613725073543594, 0.028101019211757332, 0.02874914098668982, 0.01320601569281684, 0.002223078409830729, 0.007773015528549381, 0.0026215494414906443, 0.054603298799491225, 0.010551127681025754, 0.0008529427610797647, 0.0013336417115764848, 0.0022212417037398716, 0.0016559129879798412, 0.012561378949954186, 0.012384183907214507, 0.4201292155701438, 0.551679027227708, 0.8932951986053844, 0.8891895011619285, 0.8941529874448424], "TVs": [0.8988064236111113, 0.5677300347222223, 0.4599392361111112, 0.1375217013888889, 0.20887586805555555, 0.23914930555555555, 0.16677517361111113, 0.058962673611111106, 0.10611979166666666, 0.06362847222222222, 0.31896701388888893, 0.12907986111111108, 0.04173177083333334, 0.051475694444444435, 0.0636284722222222, 0.05750868055555555, 0.1324435763888889, 0.1463324652777778, 0.6781467013888889, 0.7005642361111113, 0.8966362847222222, 0.8945746527777779, 0.8970703125000001], "G_losses": [4.280590057373047, 1.4840738773345947, 0.9183789491653442, 0.7414808869361877, 0.854730486869812, 0.2106117606163025, 0.7480005025863647, 0.6945108771324158, 0.6460373401641846, 0.7482658624649048, 1.2731330394744873, 0.8058258295059204, 0.7241053581237793, 1.0343220233917236, 0.7188397645950317, 0.8497079610824585, 0.8113822937011719, 0.2903915047645569, 1.1075494289398193, 0.9972156882286072, 2.169041156768799, 4.367283821105957, 5.1939697265625], "D_losses": [0.041428253054618835, 0.8937106132507324, 1.335951566696167, 1.3918678760528564, 1.3718419075012207, 1.8930186033248901, 1.2666985988616943, 1.338334083557129, 1.3711817264556885, 1.3119468688964844, 0.7886264324188232, 1.1672066450119019, 1.3435132503509521, 1.4757847785949707, 1.3166356086730957, 1.3798682689666748, 1.2613991498947144, 1.6103086471557617, 1.6205941438674927, 0.699005663394928, 0.16193324327468872, 0.018611423671245575, 0.008535634726285934], "iterations": [100, 200, 300, 400, 500, 600, 700, 800, 900, 1000, 1100, 1200, 1300, 1400, 1500, 1600, 1700, 1800, 1900, 2000, 2100, 2200, 2300], "times": [211.62935972213745, 411.65758752822876, 608.4771776199341, 799.4828085899353, 993.3494780063629, 1186.9211905002594, 1389.1852033138275, 1576.8457381725311, 1770.572186946869, 1961.7993137836456, 2157.488585948944, 2358.5174419879913, 2560.6192615032196, 2755.9690606594086, 2959.303187608719, 3161.656016588211, 3359.1306092739105, 3553.8537447452545, 3747.4024164676666, 3940.951785326004, 4144.122763872147, 4340.89874625206, 4545.108421087265]}