{"inception_means": [1.005440592765808, 1.2322638034820557, 2.331742525100708, 2.1833622455596924, 2.3330445289611816, 3.2565512657165527, 5.566530704498291, 4.996425151824951, 4.919233322143555, 3.79229736328125, 5.712460517883301, 6.451535224914551, 5.389997959136963, 6.582282066345215, 6.222304344177246, 6.3650617599487305, 6.702278137207031, 5.645169258117676, 6.315985202789307, 6.923441410064697, 6.372918128967285, 6.896016597747803, 7.240272521972656, 6.621655464172363, 6.576725959777832, 7.510828495025635, 7.314073085784912, 7.153283596038818, 7.341034889221191], "inception_stds": [0.000141516953590326, 0.007470786105841398, 0.017464997246861458, 0.03744140639901161, 0.061018992215394974, 0.0374235138297081, 0.11070792376995087, 0.0695497915148735, 0.06928825378417969, 0.0659555122256279, 0.05657056346535683, 0.06969493627548218, 0.04997917637228966, 0.1039281040430069, 0.0574200265109539, 0.08611050248146057, 0.09410816431045532, 0.08661879599094391, 0.08068464696407318, 0.07839559018611908, 0.07677245885133743, 0.10915940254926682, 0.08016928285360336, 0.0798596739768982, 0.060345377773046494, 0.07717359811067581, 0.0887017697095871, 0.07034631818532944, 0.07119881361722946], "inception_means_ema": [], "inception_means_avg": [], "fids_ema": [], "fids_avg": [], "fids": [69.08836829672421, 64.50540986452907, 39.81877825279361, 44.7647060159656, 30.89754738005651, 32.05868127642554, 11.908467333893057, 16.23342418088035, 14.258690905099016, 21.360207955668443, 10.197713599728843, 4.578159273061829, 10.611426369769049, 5.059092733557961, 5.572850931574365, 5.179291681668062, 5.171855935835751, 12.185072922853209, 6.6215200502568905, 3.4120139248065158, 7.082694105751003, 6.013700449619449, 1.5479924662130315, 8.01483902286418, 5.428737752346947, 0.8649894034957981, 1.3127981665314081, 3.0770033219201167, 2.6352106635918915], "entropy": [0.4763132438521984, 1.2850970545095979, 1.9418209886519395, 1.6131966532513753, 1.205615871994326, 1.8391420826115301, 2.2647201919593023, 2.194818552193876, 2.185617674405859, 1.7490802816895252, 2.2568675998937087, 2.2723453985005797, 2.1931422907547207, 2.2876008737685565, 2.235229007909111, 2.280565909123261, 2.262198887237343, 2.2251232799011285, 2.2566196465442276, 2.287803104551731, 2.244034122568209, 2.290602668190724, 2.292433062994144, 2.2477963523394564, 2.2751377491634184, 2.2991524362461577, 2.294392036302401, 2.269491693870492, 2.2844325422240597], "l2-loss": [0.6006380293104385, 0.21674615836437844, 0.058067609057014365, 0.1773728782747999, 0.38077566829728493, 0.09665454346456644, 0.007229044407974053, 0.02177241290057147, 0.02686319704408999, 0.12762303293487173, 0.008554769445348668, 0.005165410924840855, 0.022503892875012053, 0.0028553998028790517, 0.014430933822820213, 0.004566644739221643, 0.00790768376103154, 0.016238229068709007, 0.009124336713626061, 0.0029522742754147365, 0.013280967429832176, 0.0023936095061125586, 0.0020176969928505984, 0.011313242971161265, 0.005541488270700713, 0.0006935967339409724, 0.001597232583128375, 0.006289875360182773, 0.003765628955982349], "TVs": [0.8000000000000002, 0.6034288194444446, 0.34689670138888884, 0.4821180555555556, 0.6069661458333334, 0.4169487847222222, 0.10926649305555557, 0.17734375, 0.19876302083333336, 0.42608506944444446, 0.13046875, 0.08005642361111108, 0.17996961805555556, 0.06981336805555556, 0.1434027777777778, 0.0837673611111111, 0.11148003472222223, 0.16547309027777773, 0.12315538194444445, 0.07078993055555555, 0.12445746527777776, 0.057660590277777785, 0.06108940972222223, 0.13776041666666666, 0.0892578125, 0.03602430555555556, 0.05223524305555554, 0.10334201388888886, 0.08003472222222222], "G_losses": [5.731135368347168, 0.2976219654083252, 0.8183269500732422, 0.8284661769866943, 0.776589572429657, 0.8931339383125305, 1.1068015098571777, 0.7862308025360107, 0.7409372925758362, 1.0977907180786133, 0.804891049861908, 0.7882847785949707, 1.4283825159072876, 1.171908974647522, 1.056102991104126, 0.8051353693008423, 0.7136333584785461, 1.5593527555465698, 0.7513699531555176, 0.7968540191650391, 0.9401194453239441, 0.8128174543380737, 0.8658320903778076, 2.713139533996582, 0.9301812648773193, 0.9413410425186157, 0.7643828988075256, 1.4431045055389404, 1.2443379163742065], "D_losses": [0.0075506772845983505, 1.6309700012207031, 1.281622290611267, 1.055440902709961, 1.179068684577942, 1.1616690158843994, 1.3795244693756104, 1.1911430358886719, 1.3356945514678955, 1.9282246828079224, 1.2804034948349, 1.3060909509658813, 1.5900499820709229, 1.5228662490844727, 1.5446754693984985, 1.3117245435714722, 1.355504035949707, 1.766258716583252, 1.3619976043701172, 1.374481201171875, 1.3695268630981445, 1.298577070236206, 1.3369745016098022, 1.7407878637313843, 1.3818891048431396, 1.2530419826507568, 1.3243893384933472, 1.2890470027923584, 0.9890539646148682], "iterations": [100, 200, 300, 400, 500, 600, 700, 800, 900, 1000, 1100, 1200, 1300, 1400, 1500, 1600, 1700, 1800, 1900, 2000, 2100, 2200, 2300, 2400, 2500, 2600, 2700, 2800, 2900], "times": [199.68509149551392, 399.6151690483093, 595.8471293449402, 802.2658400535583, 996.4567406177521, 1190.6055800914764, 1390.6046450138092, 1585.5262730121613, 1769.6152350902557, 1971.8326935768127, 2171.6374876499176, 2365.63983130455, 2557.435099840164, 2749.711979150772, 2946.965411901474, 3137.9809589385986, 3336.3553445339203, 3527.5114080905914, 3719.297831058502, 3912.9594209194183, 4103.743031263351, 4291.97601723671, 4486.437397241592, 4674.038958787918, 4862.197885274887, 5059.03235244751, 5253.563975572586, 5448.446003675461, 5641.650742292404]}