{"inception_means": [1.0227500200271606, 1.1070590019226074, 2.7501397132873535, 3.5357565879821777, 4.724257946014404, 5.1771392822265625, 5.388347148895264, 3.005070924758911, 6.119044303894043, 4.538008689880371, 5.7914018630981445, 5.712136745452881, 6.056763648986816, 6.4527130126953125, 6.475105285644531, 6.430967807769775, 6.850741386413574, 6.790341377258301, 7.083076477050781, 6.962365627288818, 6.877951145172119, 6.671870231628418, 7.166834831237793, 7.0064544677734375, 6.759096622467041, 7.26348352432251, 6.970097541809082, 7.154097557067871, 7.140022277832031], "inception_stds": [0.0007703314768150449, 0.004564833361655474, 0.03352583199739456, 0.048290662467479706, 0.07413691282272339, 0.08378023654222488, 0.0498918816447258, 0.06147332116961479, 0.06774964183568954, 0.05447922646999359, 0.09907762706279755, 0.08993693441152573, 0.11462434381246567, 0.08291856199502945, 0.0795375406742096, 0.09774719923734665, 0.0775524228811264, 0.08807984739542007, 0.09725473821163177, 0.10545750707387924, 0.06934193521738052, 0.10951385647058487, 0.10097981244325638, 0.09070811420679092, 0.08614280819892883, 0.09831010550260544, 0.11179816722869873, 0.10371367633342743, 0.12367935478687286], "inception_means_ema": [], "inception_means_avg": [], "fids_ema": [], "fids_avg": [], "fids": [69.02307833892606, 61.19109328596245, 36.50750143485517, 29.84105459101866, 16.880750320764037, 14.263440880241916, 10.700050295904035, 34.95584685134033, 7.2791636005471645, 18.113066863978517, 9.211064815736052, 10.333340107974976, 5.256390182574876, 4.224822807624292, 5.007908828111297, 4.061343369246515, 2.662686751214025, 4.007706537870405, 2.1600565074740388, 3.9016924720071557, 3.7984225439787167, 4.707464280241837, 2.0510648083854193, 2.665546192900578, 5.009986996001416, 2.0316029874953756, 3.3194523444035724, 2.3495669282672225, 1.7092244427240928], "entropy": [0.04312755555836152, 0.6064028423296501, 1.7037615866604716, 1.870565779136486, 2.170086904952113, 2.189466115239157, 2.248310403892939, 1.6741790969780568, 2.2783192766997358, 2.111137099618412, 2.1894515358557993, 2.2321132920379645, 2.274553893096335, 2.28287030033922, 2.2781975826311474, 2.2535987042794385, 2.287192394496822, 2.2556316769989726, 2.292525565978396, 2.2587953460481294, 2.2931917651727347, 2.283385997138494, 2.2926439700366648, 2.2630500936095577, 2.258442348850542, 2.29563099481228, 2.2772380256848557, 2.283794046759466, 2.294294002025935], "l2-loss": [0.8876858982039088, 0.5430588474980107, 0.12637294251241804, 0.10416758972921487, 0.02593792102955006, 0.021603953985520348, 0.012392661012249229, 0.15213686625162764, 0.004647177237051503, 0.039848379441249505, 0.0212561336564429, 0.015756705955222803, 0.0054473924048152956, 0.00409859080373505, 0.004976465672622491, 0.01025026109483507, 0.0031532758547935945, 0.008782214882933063, 0.0020343921802662038, 0.00856093889401283, 0.0018788843979070217, 0.0038544266312210648, 0.001982257984302662, 0.007741744429976852, 0.008347433584707754, 0.0014089231137876157, 0.0050873980110074275, 0.0037022390483338148, 0.0016311880982952357], "TVs": [0.8938151041666668, 0.7850260416666667, 0.47441406250000007, 0.38164062500000007, 0.19819878472222222, 0.18396267361111113, 0.13370225694444446, 0.4668836805555556, 0.09494357638888888, 0.25284288194444443, 0.1898871527777778, 0.14802517361111114, 0.09186197916666666, 0.086328125, 0.10086805555555556, 0.1371527777777778, 0.07139756944444443, 0.12526041666666665, 0.059830729166666666, 0.1162109375, 0.05659722222222222, 0.08430989583333333, 0.0625, 0.12322048611111112, 0.1232638888888889, 0.051540798611111105, 0.09392361111111111, 0.08756510416666666, 0.04958767361111111], "G_losses": [6.618219375610352, 1.819561243057251, 1.1992875337600708, 0.9858171939849854, 0.9843943119049072, 0.9467660188674927, 0.7594060897827148, 1.1127506494522095, 0.9481145739555359, 0.934375524520874, 0.8895904421806335, 1.0162429809570312, 1.1401164531707764, 1.0068482160568237, 0.5712993741035461, 0.8194556832313538, 0.894463300704956, 1.0714086294174194, 0.9135644435882568, 0.9907992482185364, 1.2697153091430664, 1.233664870262146, 0.8496747016906738, 0.8396924734115601, 1.249529480934143, 0.7234668135643005, 0.8309423327445984, 0.8056961297988892, 0.9649913311004639], "D_losses": [0.07325666397809982, 2.0009286403656006, 1.3075988292694092, 1.395506739616394, 0.816374659538269, 1.3995380401611328, 1.3604717254638672, 1.2534046173095703, 1.4056849479675293, 1.1072494983673096, 1.3358286619186401, 1.2397791147232056, 1.4574313163757324, 1.4192225933074951, 1.3434454202651978, 1.3110805749893188, 1.1286571025848389, 1.4569456577301025, 1.2807247638702393, 1.2019376754760742, 1.4921514987945557, 1.4857277870178223, 1.2753403186798096, 1.1863166093826294, 1.4466946125030518, 1.3299809694290161, 1.2394675016403198, 1.3172715902328491, 1.4527418613433838], "iterations": [100, 200, 300, 400, 500, 600, 700, 800, 900, 1000, 1100, 1200, 1300, 1400, 1500, 1600, 1700, 1800, 1900, 2000, 2100, 2200, 2300, 2400, 2500, 2600, 2700, 2800, 2900], "times": [211.80644941329956, 396.41752529144287, 583.8605043888092, 777.8858952522278, 961.4197537899017, 1143.8233470916748, 1325.906533241272, 1512.411148071289, 1701.2200191020966, 1888.4217331409454, 2072.6932003498077, 2255.154960632324, 2445.6117022037506, 2633.567657470703, 2826.0377056598663, 3007.1995017528534, 3190.389726638794, 3369.7030668258667, 3551.4311969280243, 3738.8043324947357, 3921.608542203903, 4109.642777442932, 4294.802798986435, 4481.175542593002, 4670.043341398239, 4860.911811590195, 5048.650987625122, 5232.536391735077, 5419.084704875946]}