{"inception_means": [1.0265039205551147, 3.8886942863464355, 2.4886910915374756, 2.2016847133636475, 5.579918384552002, 6.147248268127441, 5.826017379760742, 6.236032009124756, 6.681401252746582, 6.584254264831543, 6.486509799957275, 5.827820301055908, 6.403157711029053, 6.611813545227051, 6.0977067947387695, 6.964640140533447, 6.962164878845215, 7.0074872970581055, 6.9372406005859375, 7.2505903244018555, 7.035545349121094, 7.207327842712402, 7.323346138000488, 6.841249942779541, 7.453588008880615, 7.283347129821777, 7.4204301834106445, 7.360633850097656, 7.320662021636963], "inception_stds": [0.0006717771757394075, 0.05123259872198105, 0.034261174499988556, 0.02983151376247406, 0.042576584964990616, 0.11214588582515717, 0.08150918036699295, 0.08628861606121063, 0.0888732373714447, 0.13114520907402039, 0.05375749245285988, 0.1337485909461975, 0.07370702922344208, 0.1008707731962204, 0.054970044642686844, 0.09028533846139908, 0.07303999364376068, 0.06235520541667938, 0.08495497703552246, 0.07797417789697647, 0.07759711146354675, 0.08638263493776321, 0.07171555608510971, 0.12130643427371979, 0.0944102481007576, 0.09899557381868362, 0.06851328164339066, 0.1016346663236618, 0.09071940183639526], "inception_means_ema": [], "inception_means_avg": [], "fids_ema": [], "fids_avg": [], "fids": [67.34630653740739, 27.414634310488978, 36.634845259793934, 43.99780364109367, 9.948179666318126, 6.131259817404214, 7.881041412188111, 5.527219257829586, 4.0582633065164515, 3.881492175895417, 5.568393410609829, 9.60050480641597, 5.068391999647417, 4.2781324481179155, 7.689016272345356, 2.4589030451548126, 5.353068484985641, 3.290793574572973, 3.9694064319911746, 1.7547347773752193, 2.385725460509221, 2.483621517905817, 1.5309360650025923, 3.667467425907546, 0.7572380605115399, 2.368668504527065, 1.9816045887480698, 2.373703952835612, 3.178716650844649], "entropy": [0.08405724720297761, 2.0113043309425174, 1.7065225424235781, 1.3481770065131045, 2.1626815465612848, 2.2831097124792685, 2.2584750084308363, 2.2589960694993385, 2.2550433608914027, 2.2946069960256805, 2.284035063799619, 2.163320285796404, 2.2780566577868218, 2.2643685471201382, 2.2574297080447185, 2.291814216505058, 2.2720908281586585, 2.2891549568659557, 2.2962448331813468, 2.2914317191363733, 2.2695751909896758, 2.29262971288166, 2.2842912930278993, 2.274818420046532, 2.2946452743491266, 2.266277860189235, 2.2961589105676614, 2.2925396689077053, 2.294971552802003], "l2-loss": [0.8675579306520061, 0.0459137009985653, 0.11478662373107157, 0.23326855412235967, 0.025318927529417442, 0.0039931921311366705, 0.008825000715844425, 0.009592932241934317, 0.00941583138925058, 0.0015238585295500578, 0.0037002139621310757, 0.024233646157347122, 0.005091660111038775, 0.006936843306929977, 0.00861377951539593, 0.0020752942120587387, 0.005997839091736592, 0.0026547043411820023, 0.0012642000928337188, 0.0021562034701123646, 0.006479056087540992, 0.0020133642502772955, 0.0036494690694926692, 0.005339285768108603, 0.001591816654911748, 0.0074393237078631365, 0.0012715940122251155, 0.002026927618332851, 0.0015596272032937883], "TVs": [0.8835069444444446, 0.27489149305555555, 0.4655164930555556, 0.5960069444444445, 0.21158854166666669, 0.07215711805555555, 0.12886284722222224, 0.1146484375, 0.13374565972222224, 0.05065104166666665, 0.08582899305555555, 0.1981770833333333, 0.09244791666666666, 0.09971788194444446, 0.11903211805555555, 0.06391059027777778, 0.10054253472222222, 0.0748046875, 0.04411892361111112, 0.0576171875, 0.11180555555555555, 0.060937500000000006, 0.08196614583333331, 0.10464409722222222, 0.05642361111111111, 0.11182725694444447, 0.045681423611111105, 0.06484375, 0.05078125000000001], "G_losses": [5.641472816467285, 1.2386257648468018, 1.6829153299331665, 2.995663642883301, 0.7798522710800171, 1.1167714595794678, 0.850610613822937, 0.9161338210105896, 0.705756664276123, 0.8817323446273804, 1.0668596029281616, 1.9008409976959229, 0.925054669380188, 1.4350799322128296, 0.7962639927864075, 1.0992708206176758, 3.0661725997924805, 0.7272841930389404, 0.4395354390144348, 0.9973368644714355, 1.2898132801055908, 0.8566929697990417, 0.5755685567855835, 0.8316422700881958, 0.995475172996521, 1.1569534540176392, 0.49701404571533203, 0.719775915145874, 1.0484559535980225], "D_losses": [0.016452843323349953, 0.9477367401123047, 0.8606871962547302, 1.0839952230453491, 1.37160325050354, 1.0145697593688965, 1.391762375831604, 1.0960922241210938, 1.3052171468734741, 1.2199264764785767, 1.351670503616333, 1.1321665048599243, 1.1474506855010986, 1.8350861072540283, 1.3929681777954102, 1.333920955657959, 2.391183376312256, 1.2929518222808838, 1.4761962890625, 1.3601405620574951, 1.6269192695617676, 1.2128660678863525, 1.3556697368621826, 1.3437539339065552, 1.3473031520843506, 1.2522754669189453, 1.3883625268936157, 1.2921483516693115, 1.433194875717163], "iterations": [100, 200, 300, 400, 500, 600, 700, 800, 900, 1000, 1100, 1200, 1300, 1400, 1500, 1600, 1700, 1800, 1900, 2000, 2100, 2200, 2300, 2400, 2500, 2600, 2700, 2800, 2900], "times": [332.09563088417053, 527.6292128562927, 719.1693222522736, 912.1557023525238, 1107.8483815193176, 1304.6805655956268, 1493.0425095558167, 1685.1075868606567, 1891.7640736103058, 2089.022628068924, 2284.741874217987, 2477.8209965229034, 2675.6218774318695, 2873.5758759975433, 3063.5619633197784, 3255.328449010849, 3445.860464811325, 3641.9929554462433, 3838.087146997452, 4030.307983160019, 4233.532413959503, 4424.973563194275, 4620.268347024918, 4814.183747768402, 5015.1457233428955, 5208.696650505066, 5401.897377490997, 5592.969711780548, 5785.922597169876]}